/*************************************************************************************************
*
* #1 estado
*
************************************************************************************************/

Insert into estado (uf, nome) values ('AC', 'Acre');
Insert into estado (uf, nome) values ('AL', 'Alagoas');
Insert into estado (uf, nome) values ('AP', 'Amapá');
Insert into estado (uf, nome) values ('AM', 'Amazonas');
Insert into estado (uf, nome) values ('BA', 'Bahia');
Insert into estado (uf, nome) values ('CE', 'Ceará');
Insert into estado (uf, nome) values ('DF', 'Distrito Federal');
Insert into estado (uf, nome) values ('ES', 'Espírito Santo');
Insert into estado (uf, nome) values ('GO', 'Goiás');
Insert into estado (uf, nome) values ('MA', 'Maranhão');
Insert into estado (uf, nome) values ('MT', 'Mato Grosso');
Insert into estado (uf, nome) values ('MS', 'Mato Grosso do Sul');
Insert into estado (uf, nome) values ('MG', 'Minas Gerais');
Insert into estado (uf, nome) values ('PA', 'Pará');
Insert into estado (uf, nome) values ('PB', 'Paraíba');
Insert into estado (uf, nome) values ('PR', 'Paraná');
Insert into estado (uf, nome) values ('PE', 'Pernambuco');
Insert into estado (uf, nome) values ('PI', 'Piauí');
Insert into estado (uf, nome) values ('RJ', 'Rio de Janeiro');
Insert into estado (uf, nome) values ('RN', 'Rio Grande do Norte');
Insert into estado (uf, nome) values ('RS', 'Rio Grande do Sul');
Insert into estado (uf, nome) values ('RO', 'Rondônia');
Insert into estado (uf, nome) values ('RR', 'Roraima');
Insert into estado (uf, nome) values ('SC', 'Santa Catarina');
Insert into estado (uf, nome) values ('SP', 'São Paulo');
Insert into estado (uf, nome) values ('SE', 'Sergipe');
Insert into estado (uf, nome) values ('TO', 'Tocantins');

/*************************************************************************************************
*
*  #2 cidade
*
************************************************************************************************/

Insert into cidade (idCidade, nome, uf) values (1,'Porto Velho', 'RO');
Insert into cidade (idCidade, nome, uf) values (2,'Presidente Médici', 'RO');
Insert into cidade (idCidade, nome, uf) values (3,'Rio Crespo', 'RO');
Insert into cidade (idCidade, nome, uf) values (4,'Rolim de Moura', 'RO');
Insert into cidade (idCidade, nome, uf) values (5,'Santa Luzia D''Oeste', 'RO');
Insert into cidade (idCidade, nome, uf) values (6,'Vilhena', 'RO');
Insert into cidade (idCidade, nome, uf) values (7,'São Miguel do Guaporé', 'RO');
Insert into cidade (idCidade, nome, uf) values (8,'Nova Mamoré', 'RO');
Insert into cidade (idCidade, nome, uf) values (9,'Alvorada D''Oeste', 'RO');
Insert into cidade (idCidade, nome, uf) values (10,'Porto Walter', 'AC');
Insert into cidade (idCidade, nome, uf) values (11,'Rio Branco', 'AC');
Insert into cidade (idCidade, nome, uf) values (12,'Rodrigues Alves', 'AC');
Insert into cidade (idCidade, nome, uf) values (13,'Santa Rosa do Purus', 'AC');
Insert into cidade (idCidade, nome, uf) values (14,'Senador Guiomard', 'AC');
Insert into cidade (idCidade, nome, uf) values (15,'Sena Madureira', 'AC');
Insert into cidade (idCidade, nome, uf) values (16,'Tarauacá', 'AC');
Insert into cidade (idCidade, nome, uf) values (17,'Manacapuru', 'AM');
Insert into cidade (idCidade, nome, uf) values (18,'Manaquiri', 'AM');
Insert into cidade (idCidade, nome, uf) values (19,'Manaus', 'AM');
Insert into cidade (idCidade, nome, uf) values (20,'Manicoré', 'AM');
Insert into cidade (idCidade, nome, uf) values (21,'Maraã', 'AM');
Insert into cidade (idCidade, nome, uf) values (22,'Maués', 'AM');
Insert into cidade (idCidade, nome, uf) values (23,'Nhamundá', 'AM');
Insert into cidade (idCidade, nome, uf) values (24,'Boa Vista', 'RR');
Insert into cidade (idCidade, nome, uf) values (25,'Bonfim', 'RR');
Insert into cidade (idCidade, nome, uf) values (26,'Cantá', 'RR');
Insert into cidade (idCidade, nome, uf) values (27,'Caracaraí', 'RR');
Insert into cidade (idCidade, nome, uf) values (28,'Caroebe', 'RR');
Insert into cidade (idCidade, nome, uf) values (29,'Iracema', 'RR');
Insert into cidade (idCidade, nome, uf) values (30,'Mucajaí', 'RR');
Insert into cidade (idCidade, nome, uf) values (31,'Barcarena', 'PA');
Insert into cidade (idCidade, nome, uf) values (32,'Belém', 'PA');
Insert into cidade (idCidade, nome, uf) values (33,'Belterra', 'PA');
Insert into cidade (idCidade, nome, uf) values (34,'Benevides', 'PA');
Insert into cidade (idCidade, nome, uf) values (35,'Macapá', 'AP');
Insert into cidade (idCidade, nome, uf) values (36,'Mazagão', 'AP');
Insert into cidade (idCidade, nome, uf) values (37,'Oiapoque', 'AP');
Insert into cidade (idCidade, nome, uf) values (38,'Palmas', 'TO');
Insert into cidade (idCidade, nome, uf) values (39,'Tocantínia', 'TO');
Insert into cidade (idCidade, nome, uf) values (40,'Tocantinópolis', 'TO');
Insert into cidade (idCidade, nome, uf) values (41,'Tupirama', 'TO');
Insert into cidade (idCidade, nome, uf) values (42,'Tupiratins', 'TO');
Insert into cidade (idCidade, nome, uf) values (43,'São Luís', 'MA');
Insert into cidade (idCidade, nome, uf) values (44,'São Luís Gonzaga do Maranhão', 'MA');
Insert into cidade (idCidade, nome, uf) values (45,'São Mateus do Maranhão', 'MA');
Insert into cidade (idCidade, nome, uf) values (46,'São Pedro da Água Branca', 'MA');
Insert into cidade (idCidade, nome, uf) values (47,'São Pedro dos Crentes', 'MA');
Insert into cidade (idCidade, nome, uf) values (48,'Socorro do Piauí', 'PI');
Insert into cidade (idCidade, nome, uf) values (49,'Sussuapara', 'PI');
Insert into cidade (idCidade, nome, uf) values (50,'Tamboril do Piauí', 'PI');
Insert into cidade (idCidade, nome, uf) values (51,'Tanque do Piauí', 'PI');
Insert into cidade (idCidade, nome, uf) values (52,'Teresina', 'PI');
Insert into cidade (idCidade, nome, uf) values (53,'União', 'PI');
Insert into cidade (idCidade, nome, uf) values (54,'Eusébio', 'CE');
Insert into cidade (idCidade, nome, uf) values (55,'Farias Brito', 'CE');
Insert into cidade (idCidade, nome, uf) values (56,'Forquilha', 'CE');
Insert into cidade (idCidade, nome, uf) values (57,'Fortaleza', 'CE');
Insert into cidade (idCidade, nome, uf) values (58,'Mossoró', 'RN');
Insert into cidade (idCidade, nome, uf) values (59,'Natal', 'RN');
Insert into cidade (idCidade, nome, uf) values (60,'Nísia Floresta', 'RN');
Insert into cidade (idCidade, nome, uf) values (61,'Nova Cruz', 'RN');
Insert into cidade (idCidade, nome, uf) values (62,'Jericó', 'PB');
Insert into cidade (idCidade, nome, uf) values (63,'João Pessoa', 'PB');
Insert into cidade (idCidade, nome, uf) values (64,'Juarez Távora', 'PB');
Insert into cidade (idCidade, nome, uf) values (65,'Juazeirinho', 'PB');
Insert into cidade (idCidade, nome, uf) values (66,'Junco do Seridó', 'PB');
Insert into cidade (idCidade, nome, uf) values (67,'Quixaba', 'PE');
Insert into cidade (idCidade, nome, uf) values (68,'Recife', 'PE');
Insert into cidade (idCidade, nome, uf) values (69,'Riacho das Almas', 'PE');
Insert into cidade (idCidade, nome, uf) values (70,'São Lourenço da Serra', 'SP');
Insert into cidade (idCidade, nome, uf) values (71,'São Luís do Paraitinga', 'SP');
Insert into cidade (idCidade, nome, uf) values (72,'São Manuel', 'SP');
Insert into cidade (idCidade, nome, uf) values (73,'São Miguel Arcanjo', 'SP');
Insert into cidade (idCidade, nome, uf) values (74,'São Paulo', 'SP');
Insert into cidade (idCidade, nome, uf) values (75,'São Pedro', 'SP');
Insert into cidade (idCidade, nome, uf) values (76,'Rio das Flores', 'RJ');
Insert into cidade (idCidade, nome, uf) values (77,'Rio das Ostras', 'RJ');
Insert into cidade (idCidade, nome, uf) values (78,'Rio de Janeiro', 'RJ');
Insert into cidade (idCidade, nome, uf) values (79,'Santa Maria Madalena', 'RJ');
Insert into cidade (idCidade, nome, uf) values (80,'Brasília', 'DF');
Insert into cidade (idCidade, nome, uf) values (81,'Goianésia', 'GO');
Insert into cidade (idCidade, nome, uf) values (82,'Goiânia', 'GO');
Insert into cidade (idCidade, nome, uf) values (83,'Goianira', 'GO');
Insert into cidade (idCidade, nome, uf) values (84,'Goiás', 'GO');

/*************************************************************************************************
*
*  #3 categoria_cnh
*
************************************************************************************************/

INSERT INTO categoria_cnh (idCategoriaCNH, descricao) values ('ACC', 'Habilita pessoas conduzam veículos de duas rodas com até 50 cm3 de cilindrada, as conhecidas “cinquentinhas”');
INSERT INTO categoria_cnh (idCategoriaCNH, descricao) values ('A', 'Habilita a conduzir veículos de duas ou três rodas, com mais que 50 de cilindrada. Além disso, também é possível conduzir os ciclomotores da categoria ACC');
INSERT INTO categoria_cnh (idCategoriaCNH, descricao) values ('B', 'Habilita o condutor a conduzir veículos de quatro rodas com até 3,5 toneladas de peso bruto total e capacidade para até oito passageiros, além do motorista (nove ocupantes no total). Quadriciclos estão inclusos nesta classe');
INSERT INTO categoria_cnh (idCategoriaCNH, descricao) values ('C', 'Habilita o condutor a dirigir todos os tipos de automóveis da categoria B, e também os veículos de carga, não articulados, com mais de 3,5 toneladas de peso bruto total. São exemplos os caminhões, tratores, máquinas agrícolas e de movimentação de carga');
INSERT INTO categoria_cnh (idCategoriaCNH, descricao) values ('D', 'Habilita o condutor a dirigir veículos para o transporte de passageiros que acomodem mais de 8 passageiros. Aqui, entram os ônibus, micro-ônibus e vans. Com ela, o condutor também pode comandar todos os veículos inclusos nos tipos de CNH B e C');
INSERT INTO categoria_cnh (idCategoriaCNH, descricao) values ('E', 'Todos os veículos inclusos nos tipos de CNH B, C e D. Além disso, ele também pode dirigir veículos com unidades acopladas que excedam 6 toneladas. Aqui estão as carretas e caminhões com reboques e semirreboques articulados. Por fim, é necessário ter a carteira E para conduzir carros puxando trailers');
INSERT INTO categoria_cnh (idCategoriaCNH, descricao) values ('AB', '-- sem descrição --');
INSERT INTO categoria_cnh (idCategoriaCNH, descricao) values ('AC', '-- sem descrição --');
INSERT INTO categoria_cnh (idCategoriaCNH, descricao) values ('AD', '-- sem descrição --');
INSERT INTO categoria_cnh (idCategoriaCNH, descricao) values ('AE', '-- sem descrição --');

/*************************************************************************************************
*
*  #4 condutor
*
************************************************************************************************/

insert into condutor (cpf, nome, dataNasc, idCategoriaCNH, endereco, bairro, idCidade, situacaoCNH) values (88336806055, 'Barney Scartifield', '9/8/1983', 'ACC', '226 Darwin Road', 'Brisamar', 65, 'S');
insert into condutor (cpf, nome, dataNasc, idCategoriaCNH, endereco, bairro, idCidade, situacaoCNH) values (62879190798, 'Brandi Girardini', '15/3/1957', 'A', '68 Lukken Park', 'Água Fria', 51, 'S');
insert into condutor (cpf, nome, dataNasc, idCategoriaCNH, endereco, bairro, idCidade, situacaoCNH) values (91692630512, 'Perry Willcock', '20/4/1991', 'B', '80 Golf View Street', 'Gramame', 5, 'S');
insert into condutor (cpf, nome, dataNasc, idCategoriaCNH, endereco, bairro, idCidade, situacaoCNH) values (72643861494, 'Juliet Auletta', '28/5/1980', 'C', '25302 Ronald Regan Street', 'Anatólia', 65, 'R');
insert into condutor (cpf, nome, dataNasc, idCategoriaCNH, endereco, bairro, idCidade, situacaoCNH) values (24354662801, 'Dita Yourell', '4/4/1983', 'D', '9 Waxwing Alley', 'Pedro Gondim', 32, 'S');
insert into condutor (cpf, nome, dataNasc, idCategoriaCNH, endereco, bairro, idCidade, situacaoCNH) values (51060259945, 'Siffre Housam', '14/4/1950', 'E', '037 2nd Plaza', 'Valentina Figueiredo', 68, 'S');
insert into condutor (cpf, nome, dataNasc, idCategoriaCNH, endereco, bairro, idCidade, situacaoCNH) values (93178109562, 'Rebekkah Laroze', '16/10/1978', 'AB', '0970 Melby Place', 'Bancários', 60, 'S');
insert into condutor (cpf, nome, dataNasc, idCategoriaCNH, endereco, bairro, idCidade, situacaoCNH) values (68422127313, 'Beatriz Hardesty', '5/2/1961', 'AC', '7673 Maryland Pass', 'Mumbaba', 19, 'S');
insert into condutor (cpf, nome, dataNasc, idCategoriaCNH, endereco, bairro, idCidade, situacaoCNH) values (54051303022, 'Emlyn Dabinett', '18/4/1985', 'AD', '022 Clemons Crossing', 'Alto do Céu', 55, 'R');
insert into condutor (cpf, nome, dataNasc, idCategoriaCNH, endereco, bairro, idCidade, situacaoCNH) values (66465704997, 'Gerianna Steen', '24/3/1970', 'AE', '55 Donald Drive', 'Muçumagro', 17, 'S');
insert into condutor (cpf, nome, dataNasc, idCategoriaCNH, endereco, bairro, idCidade, situacaoCNH) values (77919445251, 'Gussy Witchell', '30/5/1968', 'ACC', '94387 Sunfield Way', 'Bairro dos Estados', 63, 'R');
insert into condutor (cpf, nome, dataNasc, idCategoriaCNH, endereco, bairro, idCidade, situacaoCNH) values (80418876539, 'Jelene Saddler', '13/5/1988', 'A', '52 Mayer Junction', 'Mata', 24, 'S');
insert into condutor (cpf, nome, dataNasc, idCategoriaCNH, endereco, bairro, idCidade, situacaoCNH) values (97022610389, 'Ula Adshed', '19/10/1980', 'B', '088 Northview Hill', 'Centro', 67, 'R');
insert into condutor (cpf, nome, dataNasc, idCategoriaCNH, endereco, bairro, idCidade, situacaoCNH) values (81392057626, 'Dani Packer', '29/1/1994', 'C', '059 Monica Junction', 'Jaguaribe', 12, 'S');
insert into condutor (cpf, nome, dataNasc, idCategoriaCNH, endereco, bairro, idCidade, situacaoCNH) values (91077641460, 'Korella Conman', '23/7/1973', 'D', '8 Knutson Plaza', 'Manaíra', 52, 'S');
insert into condutor (cpf, nome, dataNasc, idCategoriaCNH, endereco, bairro, idCidade, situacaoCNH) values (44975805144, 'Tedra Jimmes', '17/10/1970', 'E', '7 Moulton Place', 'Cabo Branco', 69, 'S');
insert into condutor (cpf, nome, dataNasc, idCategoriaCNH, endereco, bairro, idCidade, situacaoCNH) values (10759049070, 'Danit Moxon', '9/6/1989', 'AB', '3871 Mayfield Drive', 'Tambiá', 1, 'R');
insert into condutor (cpf, nome, dataNasc, idCategoriaCNH, endereco, bairro, idCidade, situacaoCNH) values (39545988267, 'Chrysa Nan Carrow', '26/5/1953', 'AC', '1563 Glacier Hill Junction', 'Jardim São Paulo', 21, 'S');
insert into condutor (cpf, nome, dataNasc, idCategoriaCNH, endereco, bairro, idCidade, situacaoCNH) values (11865236062, 'Judy Maddox', '27/5/1957', 'AD', '164 Coleman Point', 'Barra', 19, 'R');
insert into condutor (cpf, nome, dataNasc, idCategoriaCNH, endereco, bairro, idCidade, situacaoCNH) values (36534484774, 'Bunni Footitt', '21/7/1957', 'AE', '0849 Sunnyside Way', 'Torre', 48, 'S');
insert into condutor (cpf, nome, dataNasc, idCategoriaCNH, endereco, bairro, idCidade, situacaoCNH) values (29351693574, 'Selby Mather', '1/10/1990', 'ACC', '2221 Erie Park', 'Miramar', 1, 'S');
insert into condutor (cpf, nome, dataNasc, idCategoriaCNH, endereco, bairro, idCidade, situacaoCNH) values (31384963219, 'Marion Corbet', '9/2/1994', 'A', '7331 Farragut Terrace', 'Cabo Branco', 33, 'R');
insert into condutor (cpf, nome, dataNasc, idCategoriaCNH, endereco, bairro, idCidade, situacaoCNH) values (44019361641, 'Clarissa Kither', '28/2/1966', 'B', '6 Esch Alley', 'Aeroclube', 58, 'S');
insert into condutor (cpf, nome, dataNasc, idCategoriaCNH, endereco, bairro, idCidade, situacaoCNH) values (24806619157, 'Liv Forcade', '26/11/1958', 'C', '683 Transport Plaza', 'Ilha do Bispo', 78, 'S');
insert into condutor (cpf, nome, dataNasc, idCategoriaCNH, endereco, bairro, idCidade, situacaoCNH) values (80784044521, 'Timmie M''Quhan', '26/7/1982', 'D', '5583 David Lane', 'Jardim Cidade Universitária', 26, 'S');
insert into condutor (cpf, nome, dataNasc, idCategoriaCNH, endereco, bairro, idCidade, situacaoCNH) values (41950400671, 'Herc Gabotti', '9/2/1975', 'E', '538 Larry Drive', 'Padre Zé', 74, 'R');
insert into condutor (cpf, nome, dataNasc, idCategoriaCNH, endereco, bairro, idCidade, situacaoCNH) values (67229471887, 'Karna Westerman', '7/7/1967', 'AB', '175 Stone Corner Drive', 'Mata', 13, 'R');
insert into condutor (cpf, nome, dataNasc, idCategoriaCNH, endereco, bairro, idCidade, situacaoCNH) values (99772536987, 'Shem Blankett', '24/8/1950', 'AC', '578 Pankratz Way', 'Bairro', 61, 'S');
insert into condutor (cpf, nome, dataNasc, idCategoriaCNH, endereco, bairro, idCidade, situacaoCNH) values (13657304463, 'Nessi Rowcastle', '19/8/1994', 'AD', '910 Summer Ridge Park', 'Funcionários II', 69, 'R');
insert into condutor (cpf, nome, dataNasc, idCategoriaCNH, endereco, bairro, idCidade, situacaoCNH) values (19195099461, 'Tisha Hallaways', '3/10/1980', 'AE', '15456 Annamark Pass', 'Varadouro', 33, 'S');
insert into condutor (cpf, nome, dataNasc, idCategoriaCNH, endereco, bairro, idCidade, situacaoCNH) values (21915505273, 'Payton Burkin', '18/4/1999', 'ACC', '724 Lillian Parkway', 'José Américo', 69, 'R');
insert into condutor (cpf, nome, dataNasc, idCategoriaCNH, endereco, bairro, idCidade, situacaoCNH) values (39010841989, 'Eddy Havick', '13/10/1996', 'A', '413 Ridgeway Park', 'Bairro', 54, 'S');
insert into condutor (cpf, nome, dataNasc, idCategoriaCNH, endereco, bairro, idCidade, situacaoCNH) values (35845875062, 'Grover Bowcock', '28/9/1968', 'B', '2 Marcy Circle', 'Funcionários II', 56, 'S');
insert into condutor (cpf, nome, dataNasc, idCategoriaCNH, endereco, bairro, idCidade, situacaoCNH) values (85125688562, 'Robin Martijn', '2/3/1973', 'C', '25186 Packers Alley', 'Oitizeiro', 78, 'R');
insert into condutor (cpf, nome, dataNasc, idCategoriaCNH, endereco, bairro, idCidade, situacaoCNH) values (59581000994, 'Teodora Fender', '5/10/1963', 'D', '7 Bartelt Crossing', 'Bairro', 64, 'R');
insert into condutor (cpf, nome, dataNasc, idCategoriaCNH, endereco, bairro, idCidade, situacaoCNH) values (26041617251, 'Zilvia Slaight', '21/12/1970', 'E', '3 Wayridge Circle', 'Jardim Veneza', 50, 'S');
insert into condutor (cpf, nome, dataNasc, idCategoriaCNH, endereco, bairro, idCidade, situacaoCNH) values (19301780195, 'Stoddard Kenealy', '10/6/1961', 'AB', '1018 Lukken Circle', 'Cuiá', 63, 'S');
insert into condutor (cpf, nome, dataNasc, idCategoriaCNH, endereco, bairro, idCidade, situacaoCNH) values (78986077557, 'Steward Unworth', '21/2/1993', 'AC', '7 Vidon Hill', 'José Américo', 61, 'S');
insert into condutor (cpf, nome, dataNasc, idCategoriaCNH, endereco, bairro, idCidade, situacaoCNH) values (10165621978, 'Trent Geldeard', '23/12/1997', 'AD', '8 Glacier Hill Center', 'Jardim 13 de Maio', 58, 'S');
insert into condutor (cpf, nome, dataNasc, idCategoriaCNH, endereco, bairro, idCidade, situacaoCNH) values (27691834780, 'Mandie Gromley', '10/12/1988', 'AE', '09 Hauk Drive', 'Brisamar', 69, 'R');
insert into condutor (cpf, nome, dataNasc, idCategoriaCNH, endereco, bairro, idCidade, situacaoCNH) values (71450601521, 'Vevay Charte', '24/1/1961', 'ACC', '4282 Victoria Parkway', 'Mandacaru', 27, 'S');
insert into condutor (cpf, nome, dataNasc, idCategoriaCNH, endereco, bairro, idCidade, situacaoCNH) values (13710775896, 'Onofredo Cammish', '17/8/1979', 'A', '893 Stephen Road', 'Muçumagro', 4, 'R');
insert into condutor (cpf, nome, dataNasc, idCategoriaCNH, endereco, bairro, idCidade, situacaoCNH) values (73786989491, 'Josie Ganiford', '26/9/1967', 'B', '28827 Forest Run Center', 'Aeroclube', 23, 'R');
insert into condutor (cpf, nome, dataNasc, idCategoriaCNH, endereco, bairro, idCidade, situacaoCNH) values (80796566764, 'Liuka Maddaford', '8/2/1981', 'C', '6541 Mockingbird Way', 'Valentina Figueiredo', 51, 'S');
insert into condutor (cpf, nome, dataNasc, idCategoriaCNH, endereco, bairro, idCidade, situacaoCNH) values (78045812192, 'Tiffie Riglesford', '14/12/1983', 'D', '3 Burning Wood Road', 'Mandacaru', 44, 'R');
insert into condutor (cpf, nome, dataNasc, idCategoriaCNH, endereco, bairro, idCidade, situacaoCNH) values (18924517470, 'Nicoli Gilfoyle', '16/3/1955', 'E', '52763 Maywood Street', 'Cabo Branco', 9, 'S');
insert into condutor (cpf, nome, dataNasc, idCategoriaCNH, endereco, bairro, idCidade, situacaoCNH) values (87454144911, 'Isabelle Hrinchishin', '31/5/1987', 'AB', '87 Lindbergh Crossing', 'Manaíra', 45, 'S');
insert into condutor (cpf, nome, dataNasc, idCategoriaCNH, endereco, bairro, idCidade, situacaoCNH) values (20130170026, 'Jude Eckert', '12/7/1997', 'AC', '831 Dorton Pass', 'Ernesto Geisel', 45, 'R');
insert into condutor (cpf, nome, dataNasc, idCategoriaCNH, endereco, bairro, idCidade, situacaoCNH) values (84717992147, 'Torie Spears', '2/7/1955', 'AD', '032 Northfield Pass', 'Anatólia', 1, 'R');
insert into condutor (cpf, nome, dataNasc, idCategoriaCNH, endereco, bairro, idCidade, situacaoCNH) values (33914225651, 'Rockey Boater', '18/6/1994', 'AE', '1 Oakridge Center', 'Alto do Mateus', 80, 'S');
insert into condutor (cpf, nome, dataNasc, idCategoriaCNH, endereco, bairro, idCidade, situacaoCNH) values (63127377160, 'Robina Flindall', '20/10/1957', 'ACC', '50 Sunnyside Hill', 'Jardim Oceania', 23, 'S');
insert into condutor (cpf, nome, dataNasc, idCategoriaCNH, endereco, bairro, idCidade, situacaoCNH) values (77805213482, 'Ferdy Thiem', '15/7/1967', 'A', '215 Stone Corner Pass', 'Ilha do Bispo', 18, 'R');
insert into condutor (cpf, nome, dataNasc, idCategoriaCNH, endereco, bairro, idCidade, situacaoCNH) values (57894921016, 'Melinda Rainey', '18/7/1976', 'B', '2837 Rutledge Avenue', 'Jardim Veneza', 36, 'S');
insert into condutor (cpf, nome, dataNasc, idCategoriaCNH, endereco, bairro, idCidade, situacaoCNH) values (12940419376, 'Nesta Wilson', '23/3/1965', 'C', '19807 Kingsford Place', 'Varadouro', 10, 'S');
insert into condutor (cpf, nome, dataNasc, idCategoriaCNH, endereco, bairro, idCidade, situacaoCNH) values (27946599139, 'Zarla Lamke', '1/10/1959', 'D', '5057 Welch Pass', 'Pedro Gondim', 25, 'S');
insert into condutor (cpf, nome, dataNasc, idCategoriaCNH, endereco, bairro, idCidade, situacaoCNH) values (39981026883, 'Antoni Petrowsky', '11/8/1953', 'E', '81068 Harbort Drive', 'Jaguaribe', 48, 'S');
insert into condutor (cpf, nome, dataNasc, idCategoriaCNH, endereco, bairro, idCidade, situacaoCNH) values (16627002899, 'Shir Burrill', '27/7/1950', 'AB', '06 Manitowish Trail', 'Cristo Redentor', 5, 'R');
insert into condutor (cpf, nome, dataNasc, idCategoriaCNH, endereco, bairro, idCidade, situacaoCNH) values (92487784992, 'Catie Brimblecomb', '7/1/1968', 'AC', '97810 Karstens Way', 'Varadouro', 23, 'R');
insert into condutor (cpf, nome, dataNasc, idCategoriaCNH, endereco, bairro, idCidade, situacaoCNH) values (40088246939, 'Allyn Hewes', '5/4/1955', 'AD', '99 Bunting Road', 'Valentina Figueiredo', 64, 'R');
insert into condutor (cpf, nome, dataNasc, idCategoriaCNH, endereco, bairro, idCidade, situacaoCNH) values (47792116591, 'Yehudit Docket', '26/8/1978', 'AE', '7 Sycamore Parkway', 'Oitizeiro', 1, 'R');
insert into condutor (cpf, nome, dataNasc, idCategoriaCNH, endereco, bairro, idCidade, situacaoCNH) values (48980682012, 'Rhona Semper', '17/2/1979', 'ACC', '05 Pawling Parkway', 'Grotão', 40, 'R');
insert into condutor (cpf, nome, dataNasc, idCategoriaCNH, endereco, bairro, idCidade, situacaoCNH) values (54053688656, 'Kassie Knewstub', '2/1/1998', 'A', '0608 Crownhardt Circle', 'Cristo Redentor', 34, 'R');
insert into condutor (cpf, nome, dataNasc, idCategoriaCNH, endereco, bairro, idCidade, situacaoCNH) values (52330073731, 'Erhard Potticary', '21/7/1956', 'B', '0398 Judy Plaza', 'Ernesto Geisel', 47, 'S');
insert into condutor (cpf, nome, dataNasc, idCategoriaCNH, endereco, bairro, idCidade, situacaoCNH) values (57478587269, 'Mannie Michele', '22/8/1967', 'C', '6 Sloan Alley', 'Quadramares', 59, 'S');
insert into condutor (cpf, nome, dataNasc, idCategoriaCNH, endereco, bairro, idCidade, situacaoCNH) values (15727050225, 'Laina Crampin', '16/4/1997', 'D', '59 Warner Pass', 'São José', 1, 'R');
insert into condutor (cpf, nome, dataNasc, idCategoriaCNH, endereco, bairro, idCidade, situacaoCNH) values (50626952891, 'Frannie Grimster', '3/7/1959', 'E', '04 Calypso Avenue', 'Bairro dos Ipês', 50, 'S');
insert into condutor (cpf, nome, dataNasc, idCategoriaCNH, endereco, bairro, idCidade, situacaoCNH) values (41951615703, 'Wilbert Foynes', '1/5/1971', 'AB', '37821 Grasskamp Way', 'Jardim Cidade Universitária', 79, 'R');
insert into condutor (cpf, nome, dataNasc, idCategoriaCNH, endereco, bairro, idCidade, situacaoCNH) values (53331209724, 'Thedric Garforth', '6/10/1954', 'AC', '4786 Melvin Avenue', 'Castelo Branco', 26, 'S');
insert into condutor (cpf, nome, dataNasc, idCategoriaCNH, endereco, bairro, idCidade, situacaoCNH) values (71855823633, 'Agna Dodman', '13/10/1999', 'AD', '9572 Esker Hill', 'Alto do Céu', 11, 'S');
insert into condutor (cpf, nome, dataNasc, idCategoriaCNH, endereco, bairro, idCidade, situacaoCNH) values (20168665143, 'Kali Mordacai', '12/10/1967', 'AE', '49 Northview Junction', 'Bessa', 49, 'R');
insert into condutor (cpf, nome, dataNasc, idCategoriaCNH, endereco, bairro, idCidade, situacaoCNH) values (65898796787, 'Alika Demschke', '1/2/1976', 'ACC', '280 Cardinal Crossing', 'Bairro dos Estados', 7, 'S');
insert into condutor (cpf, nome, dataNasc, idCategoriaCNH, endereco, bairro, idCidade, situacaoCNH) values (69537598740, 'Eldon Grestie', '26/8/1988', 'A', '2411 Russell Pass', 'Varjão', 18, 'S');
insert into condutor (cpf, nome, dataNasc, idCategoriaCNH, endereco, bairro, idCidade, situacaoCNH) values (92418931469, 'Arte Cosgry', '28/4/1966', 'B', '14777 Linden Court', 'Alto do Mateus', 82, 'S');
insert into condutor (cpf, nome, dataNasc, idCategoriaCNH, endereco, bairro, idCidade, situacaoCNH) values (70315691938, 'Frieda Borsnall', '14/10/1953', 'C', '53 Esker Parkway', 'Tambauzinho', 58, 'R');
insert into condutor (cpf, nome, dataNasc, idCategoriaCNH, endereco, bairro, idCidade, situacaoCNH) values (19092331901, 'Flint Glazebrook', '29/7/1994', 'D', '9 Northridge Park', 'Aeroclube', 5, 'S');
insert into condutor (cpf, nome, dataNasc, idCategoriaCNH, endereco, bairro, idCidade, situacaoCNH) values (34082921632, 'Benita Chaffin', '15/11/1975', 'E', '5 Fieldstone Parkway', 'Alto do Céu', 62, 'R');
insert into condutor (cpf, nome, dataNasc, idCategoriaCNH, endereco, bairro, idCidade, situacaoCNH) values (12457984637, 'Lilias Filewood', '24/4/1986', 'AB', '08 Grayhawk Place', 'Gramame', 16, 'S');
insert into condutor (cpf, nome, dataNasc, idCategoriaCNH, endereco, bairro, idCidade, situacaoCNH) values (72386169100, 'Rutherford Tawse', '20/10/1956', 'AC', '43220 Talisman Plaza', 'Quadramares', 3, 'R');
insert into condutor (cpf, nome, dataNasc, idCategoriaCNH, endereco, bairro, idCidade, situacaoCNH) values (47882084504, 'Opaline Machent', '18/6/1993', 'AD', '33638 Toban Pass', 'Ernâni Sátiro', 4, 'S');
insert into condutor (cpf, nome, dataNasc, idCategoriaCNH, endereco, bairro, idCidade, situacaoCNH) values (54898657138, 'Tonia Greenless', '25/4/1978', 'AE', '8923 Northport Drive', 'Jaguaribe', 80, 'S');
insert into condutor (cpf, nome, dataNasc, idCategoriaCNH, endereco, bairro, idCidade, situacaoCNH) values (66310457591, 'Ralina Kiledal', '3/6/1966', 'ACC', '2919 Homewood Court', 'João Agripino', 43, 'R');
insert into condutor (cpf, nome, dataNasc, idCategoriaCNH, endereco, bairro, idCidade, situacaoCNH) values (88290922830, 'Leighton Steet', '18/5/1975', 'A', '67 Vermont Center', 'Jaguaribe', 4, 'R');
insert into condutor (cpf, nome, dataNasc, idCategoriaCNH, endereco, bairro, idCidade, situacaoCNH) values (10992248384, 'Chancey Giannoni', '5/11/1977', 'B', '845 Kedzie Drive', 'Bairro', 32, 'S');
insert into condutor (cpf, nome, dataNasc, idCategoriaCNH, endereco, bairro, idCidade, situacaoCNH) values (35450906719, 'Devin Beavis', '22/1/1968', 'C', '4 Maple Wood Parkway', 'Ernesto Geisel', 70, 'S');
insert into condutor (cpf, nome, dataNasc, idCategoriaCNH, endereco, bairro, idCidade, situacaoCNH) values (12104163317, 'Irvin Hacksby', '28/3/1962', 'D', '22813 Bowman Road', 'Pedro Gondim', 34, 'R');
insert into condutor (cpf, nome, dataNasc, idCategoriaCNH, endereco, bairro, idCidade, situacaoCNH) values (24714396796, 'Gardner Pelzer', '20/6/1998', 'E', '2 Mcguire Plaza', 'Alto do Céu', 6, 'R');
insert into condutor (cpf, nome, dataNasc, idCategoriaCNH, endereco, bairro, idCidade, situacaoCNH) values (25976105056, 'Remus Adamovich', '2/6/1990', 'AB', '4449 Graedel Court', 'Ilha do Bispo', 5, 'S');
insert into condutor (cpf, nome, dataNasc, idCategoriaCNH, endereco, bairro, idCidade, situacaoCNH) values (45188742082, 'Cam Iacovozzo', '9/7/1992', 'AC', '0276 Elmside Drive', 'Cruz das Armas', 73, 'R');
insert into condutor (cpf, nome, dataNasc, idCategoriaCNH, endereco, bairro, idCidade, situacaoCNH) values (65290772816, 'Bat Checklin', '14/3/1958', 'AD', '4094 Fairview Plaza', 'Ernesto Geisel', 60, 'S');
insert into condutor (cpf, nome, dataNasc, idCategoriaCNH, endereco, bairro, idCidade, situacaoCNH) values (20840903668, 'Kurtis Hutson', '15/1/1963', 'AE', '679 Havey Drive', 'Manaíra', 30, 'S');
insert into condutor (cpf, nome, dataNasc, idCategoriaCNH, endereco, bairro, idCidade, situacaoCNH) values (27651705750, 'Toddie Beesey', '12/5/1950', 'ACC', '40983 Sullivan Pass', 'Cristo Redentor', 52, 'S');
insert into condutor (cpf, nome, dataNasc, idCategoriaCNH, endereco, bairro, idCidade, situacaoCNH) values (73966854540, 'Cornelius Concannon', '12/8/1957', 'A', '8 Sunbrook Way', 'Torre', 72, 'S');
insert into condutor (cpf, nome, dataNasc, idCategoriaCNH, endereco, bairro, idCidade, situacaoCNH) values (79661083712, 'Twyla Leaton', '4/2/1960', 'B', '14 Dahle Drive', 'Ernesto Geisel', 73, 'R');
insert into condutor (cpf, nome, dataNasc, idCategoriaCNH, endereco, bairro, idCidade, situacaoCNH) values (44260894854, 'Phyllys Drew', '7/12/1975', 'C', '21228 Fisk Hill', 'Bairro', 11, 'R');
insert into condutor (cpf, nome, dataNasc, idCategoriaCNH, endereco, bairro, idCidade, situacaoCNH) values (21020756238, 'Ansell Callum', '14/7/1993', 'D', '1 Grasskamp Parkway', 'Jardim Oceania', 37, 'R');
insert into condutor (cpf, nome, dataNasc, idCategoriaCNH, endereco, bairro, idCidade, situacaoCNH) values (57425612795, 'Luciana Swinley', '27/11/1981', 'E', '8159 Northland Plaza', 'Altiplano', 57, 'S');
insert into condutor (cpf, nome, dataNasc, idCategoriaCNH, endereco, bairro, idCidade, situacaoCNH) values (77364955173, 'Alfie Siddon', '23/9/1988', 'AB', '26 Westport Drive', 'Paratibe', 6, 'R');
insert into condutor (cpf, nome, dataNasc, idCategoriaCNH, endereco, bairro, idCidade, situacaoCNH) values (23531504212, 'Bartlett Firebrace', '15/4/1955', 'AC', '0561 Sage Place', 'Bairro das Indústrias', 20, 'R');
insert into condutor (cpf, nome, dataNasc, idCategoriaCNH, endereco, bairro, idCidade, situacaoCNH) values (10516622019, 'Mallory Maddigan', '1/11/1968', 'AD', '57 Bay Crossing', 'Quadramares', 17, 'R');
insert into condutor (cpf, nome, dataNasc, idCategoriaCNH, endereco, bairro, idCidade, situacaoCNH) values (45372232076, 'Way Alvin', '22/2/1995', 'AE', '0 Bowman Alley', 'Quadramares', 68, 'R');
insert into condutor (cpf, nome, dataNasc, idCategoriaCNH, endereco, bairro, idCidade, situacaoCNH) values (31773555426, 'Cathlene Ledington', '7/9/1972', 'ACC', '61 Moose Place', 'João Paulo II', 18, 'S');
insert into condutor (cpf, nome, dataNasc, idCategoriaCNH, endereco, bairro, idCidade, situacaoCNH) values (29636220135, 'Ricardo Peschet', '24/6/1980', 'A', '19 Killdeer Junction', 'Mandacaru', 77, 'R');
insert into condutor (cpf, nome, dataNasc, idCategoriaCNH, endereco, bairro, idCidade, situacaoCNH) values (57519731394, 'Nina Blackstock', '7/3/1986', 'B', '1 Arizona Pass', 'Distrito Industrial', 39, 'S');
insert into condutor (cpf, nome, dataNasc, idCategoriaCNH, endereco, bairro, idCidade, situacaoCNH) values (40845738714, 'Felicle Gerrad', '11/6/1985', 'C', '78669 Pearson Court', 'Expedicionários', 9, 'R');
insert into condutor (cpf, nome, dataNasc, idCategoriaCNH, endereco, bairro, idCidade, situacaoCNH) values (52243037107, 'Evelyn Frain', '29/6/1974', 'D', '576 Summit Pass', 'Manaíra', 61, 'R');
insert into condutor (cpf, nome, dataNasc, idCategoriaCNH, endereco, bairro, idCidade, situacaoCNH) values (91777634589, 'Ivie Carslaw', '2/7/1967', 'E', '661 Sullivan Place', 'Varadouro', 79, 'R');
insert into condutor (cpf, nome, dataNasc, idCategoriaCNH, endereco, bairro, idCidade, situacaoCNH) values (22512583816, 'Diane-marie Nyssens', '29/4/1985', 'AB', '39 Sundown Way', 'Água Fria', 62, 'R');
insert into condutor (cpf, nome, dataNasc, idCategoriaCNH, endereco, bairro, idCidade, situacaoCNH) values (45330395965, 'Brand Crocker', '9/12/1973', 'AC', '1 Burrows Alley', 'Tambiá', 26, 'R');
insert into condutor (cpf, nome, dataNasc, idCategoriaCNH, endereco, bairro, idCidade, situacaoCNH) values (40062797824, 'Munmro Yerborn', '18/10/1952', 'AD', '38770 Susan Drive', 'Ernesto Geisel', 48, 'R');
insert into condutor (cpf, nome, dataNasc, idCategoriaCNH, endereco, bairro, idCidade, situacaoCNH) values (46145902058, 'Aubry Rosbotham', '22/4/1973', 'AE', '77 Gale Drive', 'Jardim 13 de Maio', 45, 'S');
insert into condutor (cpf, nome, dataNasc, idCategoriaCNH, endereco, bairro, idCidade, situacaoCNH) values (11745823117, 'Elva Braley', '13/10/1988', 'ACC', '414 Daystar Parkway', 'Alto do Mateus', 83, 'R');
insert into condutor (cpf, nome, dataNasc, idCategoriaCNH, endereco, bairro, idCidade, situacaoCNH) values (62107729615, 'Rinaldo Antonin', '21/1/1960', 'A', '30755 Anniversary Street', 'João Agripino', 1, 'S');
insert into condutor (cpf, nome, dataNasc, idCategoriaCNH, endereco, bairro, idCidade, situacaoCNH) values (81833914580, 'Bebe McCarly', '21/10/1980', 'B', '180 Anthes Junction', 'Jardim 13 de Maio', 58, 'S');
insert into condutor (cpf, nome, dataNasc, idCategoriaCNH, endereco, bairro, idCidade, situacaoCNH) values (23325981260, 'Hilario Brenston', '17/11/1978', 'C', '4144 Paget Trail', 'Tambaú', 29, 'R');
insert into condutor (cpf, nome, dataNasc, idCategoriaCNH, endereco, bairro, idCidade, situacaoCNH) values (70199659874, 'Constancy Blance', '2/3/1994', 'D', '2 Bartillon Road', 'Costa do Sol', 10, 'R');
insert into condutor (cpf, nome, dataNasc, idCategoriaCNH, endereco, bairro, idCidade, situacaoCNH) values (29082255126, 'Glynis Bagenal', '14/9/1988', 'E', '97 Merry Hill', 'Expedicionários', 66, 'R');
insert into condutor (cpf, nome, dataNasc, idCategoriaCNH, endereco, bairro, idCidade, situacaoCNH) values (74096555577, 'Cassie Roth', '12/10/1972', 'AB', '9 Onsgard Park', 'Cruz das Armas', 41, 'S');
insert into condutor (cpf, nome, dataNasc, idCategoriaCNH, endereco, bairro, idCidade, situacaoCNH) values (41679160642, 'Tiffani MacMakin', '1/4/1993', 'AC', '4069 Dayton Plaza', 'Cristo Redentor', 32, 'S');
insert into condutor (cpf, nome, dataNasc, idCategoriaCNH, endereco, bairro, idCidade, situacaoCNH) values (91049014221, 'Richmound Da Costa', '15/7/1999', 'AD', '69 Stoughton Hill', 'João Agripino', 75, 'S');
insert into condutor (cpf, nome, dataNasc, idCategoriaCNH, endereco, bairro, idCidade, situacaoCNH) values (95748385736, 'Aurelea Cutsforth', '16/1/1966', 'AE', '66 Welch Junction', 'Mata', 47, 'R');
insert into condutor (cpf, nome, dataNasc, idCategoriaCNH, endereco, bairro, idCidade, situacaoCNH) values (10621620334, 'Ulysses Edlington', '6/4/1987', 'ACC', '75 Chive Hill', 'Torre', 63, 'S');
insert into condutor (cpf, nome, dataNasc, idCategoriaCNH, endereco, bairro, idCidade, situacaoCNH) values (37768219019, 'Lauree Pesik', '26/9/1974', 'A', '9 Almo Court', 'Varadouro', 20, 'S');
insert into condutor (cpf, nome, dataNasc, idCategoriaCNH, endereco, bairro, idCidade, situacaoCNH) values (79694968967, 'Coralyn De la Barre', '7/3/1999', 'B', '21630 Fairview Crossing', 'Valentina Figueiredo', 6, 'R');
insert into condutor (cpf, nome, dataNasc, idCategoriaCNH, endereco, bairro, idCidade, situacaoCNH) values (47396343285, 'Skippie Klouz', '17/6/1952', 'C', '53 Columbus Point', 'Anatólia', 48, 'S');
insert into condutor (cpf, nome, dataNasc, idCategoriaCNH, endereco, bairro, idCidade, situacaoCNH) values (63501861955, 'Nobe Basire', '27/9/1974', 'D', '593 Aberg Street', 'Jardim Oceania', 76, 'S');
insert into condutor (cpf, nome, dataNasc, idCategoriaCNH, endereco, bairro, idCidade, situacaoCNH) values (55776194085, 'Andy Goard', '8/8/1981', 'E', '4 Monica Parkway', 'Varjão', 8, 'S');
insert into condutor (cpf, nome, dataNasc, idCategoriaCNH, endereco, bairro, idCidade, situacaoCNH) values (39167346489, 'Lucina Wasmuth', '26/4/1971', 'AB', '84 Green Crossing', 'Castelo Branco', 55, 'R');
insert into condutor (cpf, nome, dataNasc, idCategoriaCNH, endereco, bairro, idCidade, situacaoCNH) values (47473102270, 'Koren Grant', '9/1/1998', 'AC', '981 Thackeray Terrace', 'João Agripino', 37, 'R');
insert into condutor (cpf, nome, dataNasc, idCategoriaCNH, endereco, bairro, idCidade, situacaoCNH) values (50369205276, 'Onofredo Gadsdon', '17/8/1961', 'AD', '6873 Kinsman Road', 'Bairro das Indústrias', 50, 'R');
insert into condutor (cpf, nome, dataNasc, idCategoriaCNH, endereco, bairro, idCidade, situacaoCNH) values (66181256656, 'Nicola Gewer', '24/10/1982', 'AE', '84656 Jenna Lane', 'Varadouro', 15, 'S');
insert into condutor (cpf, nome, dataNasc, idCategoriaCNH, endereco, bairro, idCidade, situacaoCNH) values (90694731487, 'Ronnie Darkins', '1/7/1955', 'ACC', '88484 Cherokee Parkway', 'Grotão', 6, 'S');
insert into condutor (cpf, nome, dataNasc, idCategoriaCNH, endereco, bairro, idCidade, situacaoCNH) values (36536906650, 'Ethelind Cunradi', '29/12/1976', 'A', '51856 Tony Way', 'Planalto da Boa Esperança', 46, 'S');
insert into condutor (cpf, nome, dataNasc, idCategoriaCNH, endereco, bairro, idCidade, situacaoCNH) values (13007967803, 'Ruy Dumphrey', '22/5/1954', 'B', '47 Union Hill', 'Mata', 8, 'R');
insert into condutor (cpf, nome, dataNasc, idCategoriaCNH, endereco, bairro, idCidade, situacaoCNH) values (35147307850, 'Howard Scoullar', '4/1/1969', 'C', '08321 Longview Center', 'Trincheiras', 78, 'S');
insert into condutor (cpf, nome, dataNasc, idCategoriaCNH, endereco, bairro, idCidade, situacaoCNH) values (22434486587, 'Shurwood Smead', '21/4/1964', 'D', '606 Clemons Circle', 'Oitizeiro', 60, 'S');
insert into condutor (cpf, nome, dataNasc, idCategoriaCNH, endereco, bairro, idCidade, situacaoCNH) values (14484937740, 'Darrick Yankin', '8/11/1968', 'E', '9232 Cardinal Park', 'Padre Zé', 74, 'R');
insert into condutor (cpf, nome, dataNasc, idCategoriaCNH, endereco, bairro, idCidade, situacaoCNH) values (31905993426, 'Lori Branson', '30/4/1998', 'AB', '87 Waxwing Lane', 'Pedro Gondim', 73, 'S');
insert into condutor (cpf, nome, dataNasc, idCategoriaCNH, endereco, bairro, idCidade, situacaoCNH) values (99488764850, 'Jone McDonagh', '4/6/1997', 'AC', '1895 Rieder Plaza', 'Cristo Redentor', 36, 'R');
insert into condutor (cpf, nome, dataNasc, idCategoriaCNH, endereco, bairro, idCidade, situacaoCNH) values (23029963558, 'Evie Pressnell', '24/5/1956', 'AD', '5 Londonderry Avenue', 'Aeroclube', 50, 'S');
insert into condutor (cpf, nome, dataNasc, idCategoriaCNH, endereco, bairro, idCidade, situacaoCNH) values (67645436254, 'Dietrich Lavrick', '27/2/1961', 'AE', '141 Saint Paul Street', 'Brisamar', 28, 'R');
insert into condutor (cpf, nome, dataNasc, idCategoriaCNH, endereco, bairro, idCidade, situacaoCNH) values (20398995009, 'Merrie Littley', '16/4/1957', 'ACC', '694 Corry Crossing', 'José Américo', 32, 'S');
insert into condutor (cpf, nome, dataNasc, idCategoriaCNH, endereco, bairro, idCidade, situacaoCNH) values (67888622717, 'Dermot Huguet', '21/11/1978', 'A', '75977 Hanson Street', 'Manaíra', 46, 'R');
insert into condutor (cpf, nome, dataNasc, idCategoriaCNH, endereco, bairro, idCidade, situacaoCNH) values (17119881561, 'Catlin Priestner', '1/5/1962', 'B', '7319 Mallard Trail', 'Bessa', 75, 'S');
insert into condutor (cpf, nome, dataNasc, idCategoriaCNH, endereco, bairro, idCidade, situacaoCNH) values (17018467193, 'Joelle Semrad', '15/11/1999', 'C', '84 Graedel Center', 'Funcionários II', 39, 'S');
insert into condutor (cpf, nome, dataNasc, idCategoriaCNH, endereco, bairro, idCidade, situacaoCNH) values (50212675360, 'Lemar Doorly', '25/4/1964', 'D', '8946 Stuart Street', 'Ilha do Bispo', 36, 'R');
insert into condutor (cpf, nome, dataNasc, idCategoriaCNH, endereco, bairro, idCidade, situacaoCNH) values (85457971457, 'Livvyy Shaxby', '16/5/1993', 'E', '50 Duke Court', 'Bairro dos Estados', 20, 'S');
insert into condutor (cpf, nome, dataNasc, idCategoriaCNH, endereco, bairro, idCidade, situacaoCNH) values (43797357705, 'Waiter Hampshaw', '12/9/1956', 'AB', '6 Norway Maple Junction', 'Cuiá', 15, 'R');
insert into condutor (cpf, nome, dataNasc, idCategoriaCNH, endereco, bairro, idCidade, situacaoCNH) values (13863842024, 'Hadrian Mildner', '9/5/1961', 'AC', '09581 Rowland Hill', 'Ilha do Bispo', 60, 'S');
insert into condutor (cpf, nome, dataNasc, idCategoriaCNH, endereco, bairro, idCidade, situacaoCNH) values (93357805455, 'Ewan Barabisch', '3/10/1983', 'AD', '1 Crownhardt Way', 'Paratibe', 66, 'R');
insert into condutor (cpf, nome, dataNasc, idCategoriaCNH, endereco, bairro, idCidade, situacaoCNH) values (54740909545, 'Halette Bouskill', '8/12/1977', 'AE', '62 Bay Way', 'Aeroclube', 74, 'S');
insert into condutor (cpf, nome, dataNasc, idCategoriaCNH, endereco, bairro, idCidade, situacaoCNH) values (23022362472, 'Wolfie Boerderman', '30/3/1969', 'ACC', '69 8th Court', 'Jardim 13 de Maio', 31, 'R');
insert into condutor (cpf, nome, dataNasc, idCategoriaCNH, endereco, bairro, idCidade, situacaoCNH) values (14690472926, 'Seline Kenney', '27/5/1993', 'A', '11 Waubesa Crossing', 'Bancários', 33, 'S');
insert into condutor (cpf, nome, dataNasc, idCategoriaCNH, endereco, bairro, idCidade, situacaoCNH) values (82487735567, 'Horatia Penvarden', '6/4/1968', 'B', '6 Bellgrove Trail', 'Varjão', 81, 'S');
insert into condutor (cpf, nome, dataNasc, idCategoriaCNH, endereco, bairro, idCidade, situacaoCNH) values (54857089851, 'Lindie Constantine', '26/2/1981', 'C', '9 Vermont Parkway', 'Mumbaba', 73, 'S');
insert into condutor (cpf, nome, dataNasc, idCategoriaCNH, endereco, bairro, idCidade, situacaoCNH) values (73127289957, 'Beniamino Purser', '13/12/1981', 'D', '9 Donald Crossing', 'Padre Zé', 10, 'S');
insert into condutor (cpf, nome, dataNasc, idCategoriaCNH, endereco, bairro, idCidade, situacaoCNH) values (84543827732, 'Pate Jugging', '10/2/1972', 'E', '441 Coleman Place', 'Tambaú', 1, 'R');
insert into condutor (cpf, nome, dataNasc, idCategoriaCNH, endereco, bairro, idCidade, situacaoCNH) values (11391781634, 'Hubert Scutcheon', '29/2/1980', 'AB', '16775 Schiller Alley', 'Ernesto Geisel', 32, 'R');
insert into condutor (cpf, nome, dataNasc, idCategoriaCNH, endereco, bairro, idCidade, situacaoCNH) values (81279657192, 'Jan Marquese', '20/6/1984', 'AC', '91 Larry Parkway', 'Cruz das Armas', 35, 'R');
insert into condutor (cpf, nome, dataNasc, idCategoriaCNH, endereco, bairro, idCidade, situacaoCNH) values (31503746739, 'Germayne Fransseni', '26/11/1981', 'AD', '9443 Forest Road', 'João Paulo II', 68, 'S');
insert into condutor (cpf, nome, dataNasc, idCategoriaCNH, endereco, bairro, idCidade, situacaoCNH) values (99427768479, 'Vickie Oventon', '29/4/1998', 'AE', '18 Continental Circle', 'Aeroclube', 38, 'R');
insert into condutor (cpf, nome, dataNasc, idCategoriaCNH, endereco, bairro, idCidade, situacaoCNH) values (65717857928, 'Kipper Cawdron', '30/9/1995', 'ACC', '64919 Arkansas Alley', 'Bairro dos Estados', 63, 'S');
insert into condutor (cpf, nome, dataNasc, idCategoriaCNH, endereco, bairro, idCidade, situacaoCNH) values (28782698705, 'Cornelle Watson-Brown', '9/7/1979', 'A', '8361 Pine View Way', 'Portal do Sol', 75, 'S');
insert into condutor (cpf, nome, dataNasc, idCategoriaCNH, endereco, bairro, idCidade, situacaoCNH) values (29149122885, 'Kyrstin Beetham', '18/3/1973', 'B', '89854 Arrowood Park', 'Varadouro', 47, 'S');
insert into condutor (cpf, nome, dataNasc, idCategoriaCNH, endereco, bairro, idCidade, situacaoCNH) values (14221552437, 'Kent Hayhow', '24/12/1997', 'C', '004 Stephen Hill', 'Grotão', 40, 'R');
insert into condutor (cpf, nome, dataNasc, idCategoriaCNH, endereco, bairro, idCidade, situacaoCNH) values (66221713113, 'Lynette Giraux', '21/11/1958', 'D', '43 Maple Wood Avenue', 'Quadramares', 29, 'S');
insert into condutor (cpf, nome, dataNasc, idCategoriaCNH, endereco, bairro, idCidade, situacaoCNH) values (25558929033, 'Lanie Keeping', '25/1/1972', 'E', '89095 Hintze Street', 'Tambauzinho', 14, 'R');
insert into condutor (cpf, nome, dataNasc, idCategoriaCNH, endereco, bairro, idCidade, situacaoCNH) values (90029349502, 'Sonja Blenkinsop', '26/6/1976', 'AB', '40 Anzinger Way', 'São José', 27, 'R');
insert into condutor (cpf, nome, dataNasc, idCategoriaCNH, endereco, bairro, idCidade, situacaoCNH) values (32599510727, 'Yehudit Wight', '6/12/1996', 'AC', '96 Orin Center', 'São José', 65, 'R');
insert into condutor (cpf, nome, dataNasc, idCategoriaCNH, endereco, bairro, idCidade, situacaoCNH) values (61383463587, 'Care Huncoot', '18/12/1956', 'AD', '9800 Basil Alley', 'Bairro dos Ipês', 5, 'R');
insert into condutor (cpf, nome, dataNasc, idCategoriaCNH, endereco, bairro, idCidade, situacaoCNH) values (13431440816, 'Chelsae Creeboe', '14/9/1977', 'AE', '2 Beilfuss Avenue', 'José Américo', 76, 'S');
insert into condutor (cpf, nome, dataNasc, idCategoriaCNH, endereco, bairro, idCidade, situacaoCNH) values (91042063235, 'Dasi Conrart', '22/11/1967', 'ACC', '27 Hoard Plaza', 'João Agripino', 23, 'R');
insert into condutor (cpf, nome, dataNasc, idCategoriaCNH, endereco, bairro, idCidade, situacaoCNH) values (69629789820, 'Atlanta Pisco', '10/3/1961', 'A', '7 Waubesa Hill', 'Jardim 13 de Maio', 16, 'S');
insert into condutor (cpf, nome, dataNasc, idCategoriaCNH, endereco, bairro, idCidade, situacaoCNH) values (29044774153, 'Dominic Assante', '21/4/1962', 'B', '31287 Manley Plaza', 'Funcionários II', 37, 'S');
insert into condutor (cpf, nome, dataNasc, idCategoriaCNH, endereco, bairro, idCidade, situacaoCNH) values (91253325951, 'Arlina Burle', '22/6/1961', 'C', '38638 Granby Crossing', 'Portal do Sol', 39, 'S');
insert into condutor (cpf, nome, dataNasc, idCategoriaCNH, endereco, bairro, idCidade, situacaoCNH) values (43893172873, 'Anetta Wellbank', '5/6/1967', 'D', '6 Becker Junction', 'Portal do Sol', 30, 'R');
insert into condutor (cpf, nome, dataNasc, idCategoriaCNH, endereco, bairro, idCidade, situacaoCNH) values (72097424016, 'Lillian Hook', '21/10/1990', 'E', '592 Bellgrove Crossing', 'São José', 38, 'R');
insert into condutor (cpf, nome, dataNasc, idCategoriaCNH, endereco, bairro, idCidade, situacaoCNH) values (41052727659, 'Torey Wyrill', '22/12/1994', 'AB', '40 Mcbride Alley', 'Bairro das Indústrias', 40, 'S');
insert into condutor (cpf, nome, dataNasc, idCategoriaCNH, endereco, bairro, idCidade, situacaoCNH) values (96133833054, 'Kerwinn Masedon', '30/4/1981', 'AC', '5 Main Crossing', 'Varjão', 69, 'R');
insert into condutor (cpf, nome, dataNasc, idCategoriaCNH, endereco, bairro, idCidade, situacaoCNH) values (85820954613, 'Marsh Edmonds', '11/1/1996', 'AD', '7 Kennedy Avenue', 'Ponta', 58, 'S');
insert into condutor (cpf, nome, dataNasc, idCategoriaCNH, endereco, bairro, idCidade, situacaoCNH) values (45447072689, 'Pascale Folcarelli', '3/10/1991', 'AE', '92 Marquette Center', 'Ilha do Bispo', 49, 'S');
insert into condutor (cpf, nome, dataNasc, idCategoriaCNH, endereco, bairro, idCidade, situacaoCNH) values (53057064529, 'Tadio Peer', '7/1/1985', 'ACC', '6981 Golf Course Place', 'Miramar', 74, 'S');
insert into condutor (cpf, nome, dataNasc, idCategoriaCNH, endereco, bairro, idCidade, situacaoCNH) values (13903789568, 'Marquita Mayor', '29/12/1998', 'A', '8 Park Meadow Park', 'Bairro dos Estados', 49, 'R');
insert into condutor (cpf, nome, dataNasc, idCategoriaCNH, endereco, bairro, idCidade, situacaoCNH) values (56701907852, 'Benyamin Hefforde', '11/8/1988', 'B', '18 Ryan Trail', 'Bairro das Indústrias', 71, 'R');
insert into condutor (cpf, nome, dataNasc, idCategoriaCNH, endereco, bairro, idCidade, situacaoCNH) values (92525643985, 'Bryanty Lorrimer', '9/3/1998', 'C', '160 Union Plaza', 'Mandacaru', 76, 'R');
insert into condutor (cpf, nome, dataNasc, idCategoriaCNH, endereco, bairro, idCidade, situacaoCNH) values (19569418462, 'Hobard Pierri', '13/3/1988', 'D', '8 Lien Lane', 'Manaíra', 65, 'R');
insert into condutor (cpf, nome, dataNasc, idCategoriaCNH, endereco, bairro, idCidade, situacaoCNH) values (51441126069, 'Jaynell Commuzzo', '1/3/1986', 'E', '5 Cordelia Way', 'Altiplano', 82, 'R');
insert into condutor (cpf, nome, dataNasc, idCategoriaCNH, endereco, bairro, idCidade, situacaoCNH) values (50336783476, 'Olimpia Castagne', '25/4/1971', 'AB', '4300 Buell Road', 'Paratibe', 81, 'R');
insert into condutor (cpf, nome, dataNasc, idCategoriaCNH, endereco, bairro, idCidade, situacaoCNH) values (71276349273, 'Judas Radband', '15/12/1978', 'AC', '45928 Scoville Road', 'Água Fria', 11, 'S');
insert into condutor (cpf, nome, dataNasc, idCategoriaCNH, endereco, bairro, idCidade, situacaoCNH) values (47989795601, 'Katrine Mobley', '23/4/1951', 'AD', '0325 Hoepker Point', 'Jardim Oceania', 7, 'R');
insert into condutor (cpf, nome, dataNasc, idCategoriaCNH, endereco, bairro, idCidade, situacaoCNH) values (88256294199, 'Isiahi Flipsen', '2/8/1999', 'AE', '3711 Mariners Cove Lane', 'Distrito Industrial', 7, 'R');
insert into condutor (cpf, nome, dataNasc, idCategoriaCNH, endereco, bairro, idCidade, situacaoCNH) values (83612957816, 'Wilbur Pridham', '27/4/1982', 'ACC', '336 Riverside Junction', 'Tambiá', 68, 'R');
insert into condutor (cpf, nome, dataNasc, idCategoriaCNH, endereco, bairro, idCidade, situacaoCNH) values (82861526365, 'Correy Camble', '17/8/1985', 'A', '2120 Merchant Parkway', 'Varjão', 83, 'S');
insert into condutor (cpf, nome, dataNasc, idCategoriaCNH, endereco, bairro, idCidade, situacaoCNH) values (35522216719, 'Tailor Cremins', '7/2/1998', 'B', '2 Homewood Park', 'Mangabeira', 17, 'S');
insert into condutor (cpf, nome, dataNasc, idCategoriaCNH, endereco, bairro, idCidade, situacaoCNH) values (62582710344, 'Sherlocke Darrach', '12/9/1978', 'C', '227 Dakota Avenue', 'Quadramares', 21, 'R');
insert into condutor (cpf, nome, dataNasc, idCategoriaCNH, endereco, bairro, idCidade, situacaoCNH) values (15079620963, 'Neila Jimes', '12/12/1952', 'D', '6653 5th Point', 'São José', 51, 'S');
insert into condutor (cpf, nome, dataNasc, idCategoriaCNH, endereco, bairro, idCidade, situacaoCNH) values (25858513118, 'Veronike Mattheissen', '19/9/1983', 'E', '826 Sunfield Park', 'Gramame', 72, 'R');
insert into condutor (cpf, nome, dataNasc, idCategoriaCNH, endereco, bairro, idCidade, situacaoCNH) values (71685106738, 'Tressa Rowaszkiewicz', '19/4/1997', 'AB', '43496 Shelley Road', 'Mata', 18, 'S');
insert into condutor (cpf, nome, dataNasc, idCategoriaCNH, endereco, bairro, idCidade, situacaoCNH) values (81811349203, 'Morgan Chittenden', '1/6/1968', 'AC', '7406 Prairie Rose Circle', 'Mangabeira', 16, 'S');
insert into condutor (cpf, nome, dataNasc, idCategoriaCNH, endereco, bairro, idCidade, situacaoCNH) values (44094583441, 'Kaitlynn Grimsditch', '25/11/1981', 'AD', '0978 Thackeray Crossing', 'Tambaú', 9, 'S');
insert into condutor (cpf, nome, dataNasc, idCategoriaCNH, endereco, bairro, idCidade, situacaoCNH) values (14000967904, 'Bogey Tumilson', '25/4/1978', 'AE', '23051 Jenna Alley', 'Tambauzinho', 3, 'R');
insert into condutor (cpf, nome, dataNasc, idCategoriaCNH, endereco, bairro, idCidade, situacaoCNH) values (29544658050, 'Lynette Romaine', '1/10/1974', 'ACC', '225 Forest Street', 'Alto do Mateus', 28, 'R');
insert into condutor (cpf, nome, dataNasc, idCategoriaCNH, endereco, bairro, idCidade, situacaoCNH) values (90251254225, 'Remy McKimmie', '5/3/1959', 'A', '60 Bay Court', 'Jaguaribe', 77, 'S');
insert into condutor (cpf, nome, dataNasc, idCategoriaCNH, endereco, bairro, idCidade, situacaoCNH) values (86852027152, 'Engelbert Isabell', '4/2/1951', 'B', '3621 Hazelcrest Park', 'Costa e Silva', 49, 'S');
insert into condutor (cpf, nome, dataNasc, idCategoriaCNH, endereco, bairro, idCidade, situacaoCNH) values (78151099657, 'Rafi Yakovich', '31/1/1968', 'C', '09958 Fairfield Plaza', 'Grotão', 76, 'R');
insert into condutor (cpf, nome, dataNasc, idCategoriaCNH, endereco, bairro, idCidade, situacaoCNH) values (39742390180, 'Moll Villiers', '30/9/1964', 'D', '9956 Bonner Plaza', 'Bessa', 41, 'S');
insert into condutor (cpf, nome, dataNasc, idCategoriaCNH, endereco, bairro, idCidade, situacaoCNH) values (69441821334, 'Patsy De Beneditti', '16/9/1950', 'E', '11799 Garrison Place', 'Oitizeiro', 4, 'R');
insert into condutor (cpf, nome, dataNasc, idCategoriaCNH, endereco, bairro, idCidade, situacaoCNH) values (32965765399, 'Huntington MacGahey', '31/1/1981', 'AB', '5 Autumn Leaf Crossing', 'Aeroclube', 72, 'S');
insert into condutor (cpf, nome, dataNasc, idCategoriaCNH, endereco, bairro, idCidade, situacaoCNH) values (73443175855, 'Korney Mamwell', '16/6/1981', 'AC', '88353 Summer Ridge Center', 'Quadramares', 56, 'S');
insert into condutor (cpf, nome, dataNasc, idCategoriaCNH, endereco, bairro, idCidade, situacaoCNH) values (55331027320, 'Errick Cockley', '15/2/1968', 'AD', '618 Ruskin Alley', 'Anatólia', 24, 'R');
insert into condutor (cpf, nome, dataNasc, idCategoriaCNH, endereco, bairro, idCidade, situacaoCNH) values (71545696622, 'Oswell Tankard', '1/8/1963', 'AE', '6 Sunbrook Trail', 'Distrito Industrial', 11, 'S');
insert into condutor (cpf, nome, dataNasc, idCategoriaCNH, endereco, bairro, idCidade, situacaoCNH) values (76293827924, 'Demetri Turtle', '23/2/1996', 'ACC', '12 Westport Circle', 'Ernâni Sátiro', 45, 'S');
insert into condutor (cpf, nome, dataNasc, idCategoriaCNH, endereco, bairro, idCidade, situacaoCNH) values (28101693196, 'Fernande Liddicoat', '6/7/1960', 'A', '67929 Bowman Terrace', 'Grotão', 46, 'S');
insert into condutor (cpf, nome, dataNasc, idCategoriaCNH, endereco, bairro, idCidade, situacaoCNH) values (19493771648, 'Harlene Tittletross', '31/8/1985', 'B', '2 Myrtle Parkway', 'Oitizeiro', 56, 'R');
insert into condutor (cpf, nome, dataNasc, idCategoriaCNH, endereco, bairro, idCidade, situacaoCNH) values (10333566355, 'Zahara Feak', '1/11/1996', 'C', '66 Mandrake Center', 'Jardim Veneza', 29, 'S');
insert into condutor (cpf, nome, dataNasc, idCategoriaCNH, endereco, bairro, idCidade, situacaoCNH) values (86589160972, 'Gracia Vankov', '1/11/1974', 'D', '45 Independence Park', 'Cabo Branco', 39, 'S');
insert into condutor (cpf, nome, dataNasc, idCategoriaCNH, endereco, bairro, idCidade, situacaoCNH) values (50234255029, 'Jaclyn Davidou', '15/6/1956', 'E', '2724 Prairie Rose Point', 'Bairro dos Estados', 17, 'R');
insert into condutor (cpf, nome, dataNasc, idCategoriaCNH, endereco, bairro, idCidade, situacaoCNH) values (40775783892, 'Hillary Jobson', '12/5/1971', 'AB', '6 Jenifer Point', 'Costa e Silva', 14, 'R');
insert into condutor (cpf, nome, dataNasc, idCategoriaCNH, endereco, bairro, idCidade, situacaoCNH) values (98478756367, 'Wolfie Selvey', '20/3/1952', 'AC', '3374 Leroy Point', 'Ernesto Geisel', 11, 'S');
insert into condutor (cpf, nome, dataNasc, idCategoriaCNH, endereco, bairro, idCidade, situacaoCNH) values (72101455127, 'Fonzie Pibworth', '18/1/1963', 'AD', '13530 Springs Point', 'Gramame', 42, 'R');
insert into condutor (cpf, nome, dataNasc, idCategoriaCNH, endereco, bairro, idCidade, situacaoCNH) values (51152261897, 'Merridie Brothwood', '27/9/1951', 'AE', '0065 Farwell Parkway', 'Varjão', 6, 'R');
insert into condutor (cpf, nome, dataNasc, idCategoriaCNH, endereco, bairro, idCidade, situacaoCNH) values (58188811958, 'Elysia Josephsen', '9/8/1956', 'ACC', '88 Browning Park', 'Gramame', 50, 'S');
insert into condutor (cpf, nome, dataNasc, idCategoriaCNH, endereco, bairro, idCidade, situacaoCNH) values (56939660850, 'Imogen Dreelan', '11/6/1971', 'A', '1 Caliangt Court', 'Jardim São Paulo', 61, 'R');
insert into condutor (cpf, nome, dataNasc, idCategoriaCNH, endereco, bairro, idCidade, situacaoCNH) values (35175566203, 'Jed Romanini', '15/12/1983', 'B', '0 Roxbury Point', 'Jardim Veneza', 37, 'S');
insert into condutor (cpf, nome, dataNasc, idCategoriaCNH, endereco, bairro, idCidade, situacaoCNH) values (45607558084, 'Jillie Hamstead', '4/7/1992', 'C', '83400 Mariners Cove Trail', 'Cidade dos Colibris', 9, 'R');
insert into condutor (cpf, nome, dataNasc, idCategoriaCNH, endereco, bairro, idCidade, situacaoCNH) values (44545528143, 'Alan Seller', '5/6/1956', 'D', '61 Becker Center', 'Expedicionários', 64, 'R');
insert into condutor (cpf, nome, dataNasc, idCategoriaCNH, endereco, bairro, idCidade, situacaoCNH) values (63087732102, 'Sallyanne Birds', '22/11/1961', 'E', '4243 Bowman Plaza', 'Varjão', 30, 'R');
insert into condutor (cpf, nome, dataNasc, idCategoriaCNH, endereco, bairro, idCidade, situacaoCNH) values (24834247786, 'Lolly Kirgan', '7/6/1981', 'AB', '32360 Barby Crossing', 'Miramar', 70, 'R');
insert into condutor (cpf, nome, dataNasc, idCategoriaCNH, endereco, bairro, idCidade, situacaoCNH) values (48698057800, 'Jarvis Setch', '21/9/1974', 'AC', '9807 Dawn Avenue', 'Cruz das Armas', 54, 'S');
insert into condutor (cpf, nome, dataNasc, idCategoriaCNH, endereco, bairro, idCidade, situacaoCNH) values (37201916286, 'Ellwood Mounce', '12/2/1994', 'AD', '6 Memorial Junction', 'Mata', 17, 'R');
insert into condutor (cpf, nome, dataNasc, idCategoriaCNH, endereco, bairro, idCidade, situacaoCNH) values (52795839636, 'Evin Roache', '12/1/1960', 'AE', '43759 Mockingbird Plaza', 'Brisamar', 60, 'S');
insert into condutor (cpf, nome, dataNasc, idCategoriaCNH, endereco, bairro, idCidade, situacaoCNH) values (93190917262, 'Cleopatra Standidge', '6/10/1984', 'ACC', '84 Dapin Junction', 'Aeroclube', 30, 'R');
insert into condutor (cpf, nome, dataNasc, idCategoriaCNH, endereco, bairro, idCidade, situacaoCNH) values (70427468718, 'Lyell Shackel', '18/6/1984', 'A', '85925 Homewood Park', 'Bairro dos Ipês', 75, 'S');
insert into condutor (cpf, nome, dataNasc, idCategoriaCNH, endereco, bairro, idCidade, situacaoCNH) values (84219676371, 'Nadean Hoogendorp', '3/7/1996', 'B', '9 Magdeline Court', 'Jaguaribe', 81, 'R');
insert into condutor (cpf, nome, dataNasc, idCategoriaCNH, endereco, bairro, idCidade, situacaoCNH) values (84577728529, 'Sharl Crabb', '20/1/1973', 'C', '15976 Grover Avenue', 'Mumbaba', 1, 'S');
insert into condutor (cpf, nome, dataNasc, idCategoriaCNH, endereco, bairro, idCidade, situacaoCNH) values (44743039988, 'Gertrude Haibel', '11/12/1958', 'D', '4 Harper Park', 'João Paulo II', 55, 'S');
insert into condutor (cpf, nome, dataNasc, idCategoriaCNH, endereco, bairro, idCidade, situacaoCNH) values (81551496782, 'Archie Grafton-Herbert', '18/4/1984', 'E', '68793 La Follette Crossing', 'Cabo Branco', 62, 'R');
insert into condutor (cpf, nome, dataNasc, idCategoriaCNH, endereco, bairro, idCidade, situacaoCNH) values (49576794908, 'Valaree Hamill', '23/1/1998', 'AB', '514 Clove Point', 'Ponta', 60, 'S');
insert into condutor (cpf, nome, dataNasc, idCategoriaCNH, endereco, bairro, idCidade, situacaoCNH) values (43709497551, 'Brant Haysey', '20/7/1966', 'AC', '7 Sundown Alley', 'Ernesto Geisel', 58, 'R');
insert into condutor (cpf, nome, dataNasc, idCategoriaCNH, endereco, bairro, idCidade, situacaoCNH) values (77079936163, 'Glenine Surgeon', '26/2/1975', 'AD', '657 Dixon Road', 'Jaguaribe', 20, 'R');
insert into condutor (cpf, nome, dataNasc, idCategoriaCNH, endereco, bairro, idCidade, situacaoCNH) values (17809492431, 'Pollyanna Yonge', '4/4/1992', 'AE', '35360 Grayhawk Road', 'Castelo Branco', 37, 'S');
insert into condutor (cpf, nome, dataNasc, idCategoriaCNH, endereco, bairro, idCidade, situacaoCNH) values (60531183281, 'Celinda Ebunoluwa', '8/7/1971', 'ACC', '1426 Sachs Park', 'Anatólia', 12, 'R');
insert into condutor (cpf, nome, dataNasc, idCategoriaCNH, endereco, bairro, idCidade, situacaoCNH) values (81335950396, 'Nananne Corteis', '24/1/1976', 'A', '1124 Messerschmidt Pass', 'São José', 3, 'S');
insert into condutor (cpf, nome, dataNasc, idCategoriaCNH, endereco, bairro, idCidade, situacaoCNH) values (74842285206, 'Kristina Bantock', '10/5/1974', 'B', '99479 Eastlawn Pass', 'Gramame', 59, 'R');
insert into condutor (cpf, nome, dataNasc, idCategoriaCNH, endereco, bairro, idCidade, situacaoCNH) values (73052111431, 'Greg Cosgreave', '13/11/1971', 'C', '328 Gerald Way', 'Quadramares', 73, 'S');
insert into condutor (cpf, nome, dataNasc, idCategoriaCNH, endereco, bairro, idCidade, situacaoCNH) values (17302842725, 'Candida Ovanesian', '17/3/1953', 'D', '6 Elka Parkway', 'Jaguaribe', 41, 'S');
insert into condutor (cpf, nome, dataNasc, idCategoriaCNH, endereco, bairro, idCidade, situacaoCNH) values (39139597213, 'Edgar McTurley', '12/4/1991', 'E', '74329 Di Loreto Parkway', 'Cruz das Armas', 74, 'S');
insert into condutor (cpf, nome, dataNasc, idCategoriaCNH, endereco, bairro, idCidade, situacaoCNH) values (58604093223, 'Mozelle McQueen', '26/5/1960', 'AB', '7065 Monica Avenue', 'Varadouro', 65, 'R');
insert into condutor (cpf, nome, dataNasc, idCategoriaCNH, endereco, bairro, idCidade, situacaoCNH) values (44901532546, 'Ruggiero Clinch', '29/8/1986', 'AC', '5407 Dapin Alley', 'Alto do Mateus', 80, 'R');
insert into condutor (cpf, nome, dataNasc, idCategoriaCNH, endereco, bairro, idCidade, situacaoCNH) values (59223141263, 'Marlane Traice', '20/11/1956', 'AD', '0277 Hermina Terrace', 'Costa do Sol', 67, 'R');
insert into condutor (cpf, nome, dataNasc, idCategoriaCNH, endereco, bairro, idCidade, situacaoCNH) values (49772495856, 'Nyssa Gouch', '9/1/1988', 'AE', '745 3rd Way', 'Alto do Mateus', 3, 'R');
insert into condutor (cpf, nome, dataNasc, idCategoriaCNH, endereco, bairro, idCidade, situacaoCNH) values (29212260292, 'Moe Walkley', '5/7/1984', 'ACC', '5575 Riverside Road', 'Grotão', 9, 'R');
insert into condutor (cpf, nome, dataNasc, idCategoriaCNH, endereco, bairro, idCidade, situacaoCNH) values (83922096660, 'Nisse Pettett', '10/3/1997', 'A', '1 Melvin Place', 'Jardim 13 de Maio', 80, 'S');
insert into condutor (cpf, nome, dataNasc, idCategoriaCNH, endereco, bairro, idCidade, situacaoCNH) values (90907059857, 'Juliet Pellingar', '28/5/1995', 'B', '4 Elmside Hill', 'Alto do Mateus', 25, 'R');
insert into condutor (cpf, nome, dataNasc, idCategoriaCNH, endereco, bairro, idCidade, situacaoCNH) values (79198789731, 'Catherine Tredinnick', '26/6/1971', 'C', '16766 Vidon Drive', 'Valentina Figueiredo', 67, 'S');
insert into condutor (cpf, nome, dataNasc, idCategoriaCNH, endereco, bairro, idCidade, situacaoCNH) values (90600690349, 'Ogdon Tolchar', '12/2/1999', 'D', '72 Pine View Street', 'Róger', 62, 'R');
insert into condutor (cpf, nome, dataNasc, idCategoriaCNH, endereco, bairro, idCidade, situacaoCNH) values (13131452221, 'Morly Domini', '10/6/1954', 'E', '54824 Di Loreto Center', 'Bessa', 67, 'R');
insert into condutor (cpf, nome, dataNasc, idCategoriaCNH, endereco, bairro, idCidade, situacaoCNH) values (20549211190, 'Kiele Petkov', '19/11/1988', 'AB', '22 Tomscot Parkway', 'Padre Zé', 8, 'R');
insert into condutor (cpf, nome, dataNasc, idCategoriaCNH, endereco, bairro, idCidade, situacaoCNH) values (60701683247, 'Rani Pendrill', '20/11/1963', 'AC', '10 Lien Place', 'Cruz das Armas', 55, 'R');
insert into condutor (cpf, nome, dataNasc, idCategoriaCNH, endereco, bairro, idCidade, situacaoCNH) values (49407734344, 'Emmaline Trewhella', '24/10/1963', 'AD', '68 Roxbury Lane', 'João Agripino', 77, 'R');
insert into condutor (cpf, nome, dataNasc, idCategoriaCNH, endereco, bairro, idCidade, situacaoCNH) values (82505506278, 'Onida Benzi', '26/2/1999', 'AE', '449 Magdeline Street', 'Tambaú', 56, 'S');
insert into condutor (cpf, nome, dataNasc, idCategoriaCNH, endereco, bairro, idCidade, situacaoCNH) values (78548173933, 'Eudora Guinan', '7/8/1997', 'ACC', '61 Village Parkway', 'Valentina Figueiredo', 56, 'R');
insert into condutor (cpf, nome, dataNasc, idCategoriaCNH, endereco, bairro, idCidade, situacaoCNH) values (15628920387, 'Ruperta Lyste', '16/8/1986', 'A', '06 Mcbride Court', 'Costa e Silva', 28, 'S');
insert into condutor (cpf, nome, dataNasc, idCategoriaCNH, endereco, bairro, idCidade, situacaoCNH) values (49717261194, 'Nichole Oxbrow', '24/4/1999', 'B', '67183 Melody Drive', 'Bancários', 49, 'S');
insert into condutor (cpf, nome, dataNasc, idCategoriaCNH, endereco, bairro, idCidade, situacaoCNH) values (66619724722, 'Claudine Charke', '16/11/1999', 'C', '58 Bartelt Court', 'Tambiá', 14, 'S');
insert into condutor (cpf, nome, dataNasc, idCategoriaCNH, endereco, bairro, idCidade, situacaoCNH) values (37046609240, 'Knox Reinbeck', '10/12/1967', 'D', '7410 Corben Place', 'Paratibe', 76, 'S');
insert into condutor (cpf, nome, dataNasc, idCategoriaCNH, endereco, bairro, idCidade, situacaoCNH) values (68675979079, 'Brandon Aistrop', '15/1/1968', 'E', '68 Dahle Alley', 'Cuiá', 47, 'S');
insert into condutor (cpf, nome, dataNasc, idCategoriaCNH, endereco, bairro, idCidade, situacaoCNH) values (96145519849, 'Gillie Hought', '23/6/1987', 'AB', '71 La Follette Avenue', 'Trincheiras', 43, 'R');
insert into condutor (cpf, nome, dataNasc, idCategoriaCNH, endereco, bairro, idCidade, situacaoCNH) values (92274347594, 'Law Brosnan', '3/5/1964', 'AC', '7089 Hazelcrest Alley', 'Bancários', 5, 'S');
insert into condutor (cpf, nome, dataNasc, idCategoriaCNH, endereco, bairro, idCidade, situacaoCNH) values (93454178210, 'Sheppard Levesley', '2/2/1962', 'AD', '0 Hallows Lane', 'Tambaú', 72, 'S');
insert into condutor (cpf, nome, dataNasc, idCategoriaCNH, endereco, bairro, idCidade, situacaoCNH) values (87455773669, 'Carlin Garling', '17/8/1985', 'AE', '74011 Nelson Terrace', 'Distrito Industrial', 30, 'R');
insert into condutor (cpf, nome, dataNasc, idCategoriaCNH, endereco, bairro, idCidade, situacaoCNH) values (80908510314, 'Mel Dockree', '15/5/1985', 'ACC', '8 Dorton Pass', 'Jardim Veneza', 13, 'R');
insert into condutor (cpf, nome, dataNasc, idCategoriaCNH, endereco, bairro, idCidade, situacaoCNH) values (21795582106, 'Floria Omrod', '18/1/1987', 'A', '3 Michigan Place', 'Bairro', 10, 'S');
insert into condutor (cpf, nome, dataNasc, idCategoriaCNH, endereco, bairro, idCidade, situacaoCNH) values (67419668799, 'Tyson Finlayson', '31/7/1966', 'B', '019 Transport Drive', 'Bairro das Indústrias', 53, 'R');
insert into condutor (cpf, nome, dataNasc, idCategoriaCNH, endereco, bairro, idCidade, situacaoCNH) values (24755307768, 'Kathi Pickover', '7/10/1956', 'C', '422 Loomis Hill', 'Tambauzinho', 51, 'R');
insert into condutor (cpf, nome, dataNasc, idCategoriaCNH, endereco, bairro, idCidade, situacaoCNH) values (66634194928, 'Shurlock Banaszewski', '7/12/1999', 'D', '13759 East Way', 'Grotão', 59, 'S');
insert into condutor (cpf, nome, dataNasc, idCategoriaCNH, endereco, bairro, idCidade, situacaoCNH) values (94837745789, 'Rhianon Cauldwell', '25/12/1952', 'E', '5027 Delladonna Hill', 'José Américo', 49, 'R');
insert into condutor (cpf, nome, dataNasc, idCategoriaCNH, endereco, bairro, idCidade, situacaoCNH) values (66036183274, 'Cornell Callister', '16/2/1956', 'AB', '2722 Clemons Center', 'Portal do Sol', 37, 'S');
insert into condutor (cpf, nome, dataNasc, idCategoriaCNH, endereco, bairro, idCidade, situacaoCNH) values (62553993481, 'Ina Pilgrim', '23/1/1978', 'AC', '1 Lukken Court', 'Ponta', 59, 'S');
insert into condutor (cpf, nome, dataNasc, idCategoriaCNH, endereco, bairro, idCidade, situacaoCNH) values (61685988878, 'Joann Tomblett', '23/11/1975', 'AD', '832 Victoria Court', 'Alto do Céu', 42, 'S');
insert into condutor (cpf, nome, dataNasc, idCategoriaCNH, endereco, bairro, idCidade, situacaoCNH) values (24614351246, 'Lexy Brideoke', '3/12/1999', 'AE', '5437 Dakota Trail', 'Ponta', 14, 'S');
insert into condutor (cpf, nome, dataNasc, idCategoriaCNH, endereco, bairro, idCidade, situacaoCNH) values (99270479793, 'Merilyn Cluet', '23/8/1996', 'ACC', '015 Russell Hill', 'Quadramares', 38, 'R');
insert into condutor (cpf, nome, dataNasc, idCategoriaCNH, endereco, bairro, idCidade, situacaoCNH) values (63869493961, 'Mathe Hachette', '14/4/1958', 'A', '07 Moulton Parkway', 'Jardim São Paulo', 13, 'S');
insert into condutor (cpf, nome, dataNasc, idCategoriaCNH, endereco, bairro, idCidade, situacaoCNH) values (41448794117, 'Jen Burgiss', '26/6/1996', 'B', '6521 Manufacturers Pass', 'Oitizeiro', 41, 'R');
insert into condutor (cpf, nome, dataNasc, idCategoriaCNH, endereco, bairro, idCidade, situacaoCNH) values (32840761432, 'Cheston Fredson', '25/11/1979', 'C', '524 Lakewood Gardens Plaza', 'Varjão', 67, 'S');
insert into condutor (cpf, nome, dataNasc, idCategoriaCNH, endereco, bairro, idCidade, situacaoCNH) values (19230456220, 'Tremaine McFadzean', '17/11/1996', 'D', '2932 Nova Plaza', 'Jardim Veneza', 68, 'R');
insert into condutor (cpf, nome, dataNasc, idCategoriaCNH, endereco, bairro, idCidade, situacaoCNH) values (98740712598, 'Larisa Rabier', '26/2/1962', 'E', '1976 Pepper Wood Street', 'Expedicionários', 20, 'R');
insert into condutor (cpf, nome, dataNasc, idCategoriaCNH, endereco, bairro, idCidade, situacaoCNH) values (84598585073, 'Christy Stutt', '22/9/1986', 'AB', '3806 Sunfield Way', 'José Américo', 7, 'S');
insert into condutor (cpf, nome, dataNasc, idCategoriaCNH, endereco, bairro, idCidade, situacaoCNH) values (28682552151, 'Hilary Toretta', '10/12/1955', 'AC', '4467 Summit Lane', 'Cidade dos Colibris', 4, 'R');
insert into condutor (cpf, nome, dataNasc, idCategoriaCNH, endereco, bairro, idCidade, situacaoCNH) values (41127658151, 'Wilhelmina Blaxley', '17/4/1957', 'AD', '716 Eastlawn Way', 'Centro', 9, 'S');
insert into condutor (cpf, nome, dataNasc, idCategoriaCNH, endereco, bairro, idCidade, situacaoCNH) values (28476961705, 'Nora O''Gavin', '12/7/1957', 'AE', '7478 Sommers Parkway', 'Mumbaba', 76, 'S');
insert into condutor (cpf, nome, dataNasc, idCategoriaCNH, endereco, bairro, idCidade, situacaoCNH) values (44145000177, 'Vasily Vennard', '30/10/1980', 'ACC', '629 Donald Avenue', 'Valentina Figueiredo', 64, 'S');
insert into condutor (cpf, nome, dataNasc, idCategoriaCNH, endereco, bairro, idCidade, situacaoCNH) values (42661007299, 'Isador Coxon', '18/10/1981', 'A', '562 Erie Plaza', 'Costa do Sol', 71, 'R');
insert into condutor (cpf, nome, dataNasc, idCategoriaCNH, endereco, bairro, idCidade, situacaoCNH) values (67598113580, 'Stephan McKevin', '9/8/1973', 'B', '4 Barby Park', 'Alto do Mateus', 37, 'R');
insert into condutor (cpf, nome, dataNasc, idCategoriaCNH, endereco, bairro, idCidade, situacaoCNH) values (10566145360, 'Kimmie Tithecote', '9/11/1958', 'C', '7198 Division Lane', 'Jaguaribe', 52, 'S');
insert into condutor (cpf, nome, dataNasc, idCategoriaCNH, endereco, bairro, idCidade, situacaoCNH) values (47238949598, 'Toby Hawket', '10/1/1996', 'D', '9592 Meadow Valley Hill', 'João Paulo II', 58, 'R');
insert into condutor (cpf, nome, dataNasc, idCategoriaCNH, endereco, bairro, idCidade, situacaoCNH) values (86389031794, 'Sharl Voysey', '24/6/1961', 'E', '07073 Monument Trail', 'Bancários', 42, 'S');
insert into condutor (cpf, nome, dataNasc, idCategoriaCNH, endereco, bairro, idCidade, situacaoCNH) values (91282398047, 'Jillana Belsham', '16/9/1962', 'AB', '5877 Forest Circle', 'Bairro dos Ipês', 38, 'R');
insert into condutor (cpf, nome, dataNasc, idCategoriaCNH, endereco, bairro, idCidade, situacaoCNH) values (75156864282, 'Melania Dossetter', '8/1/1981', 'AC', '62016 Transport Point', 'Jardim Oceania', 4, 'R');
insert into condutor (cpf, nome, dataNasc, idCategoriaCNH, endereco, bairro, idCidade, situacaoCNH) values (85737779626, 'Reeva Schofield', '14/6/1971', 'AD', '938 Maple Crossing', 'Bairro dos Ipês', 75, 'R');
insert into condutor (cpf, nome, dataNasc, idCategoriaCNH, endereco, bairro, idCidade, situacaoCNH) values (11105057502, 'Florencia Duckerin', '19/1/1965', 'AE', '50 Oak Valley Drive', 'Varjão', 75, 'S');
insert into condutor (cpf, nome, dataNasc, idCategoriaCNH, endereco, bairro, idCidade, situacaoCNH) values (97274119723, 'Bettina Beslier', '14/12/1971', 'ACC', '8 Orin Place', 'Bancários', 9, 'S');
insert into condutor (cpf, nome, dataNasc, idCategoriaCNH, endereco, bairro, idCidade, situacaoCNH) values (31825060382, 'Irwin Friedlos', '22/4/1971', 'A', '73 Bunker Hill Crossing', 'Ilha do Bispo', 34, 'S');
insert into condutor (cpf, nome, dataNasc, idCategoriaCNH, endereco, bairro, idCidade, situacaoCNH) values (19733134483, 'Eleanor Matis', '4/11/1989', 'B', '15862 Scott Parkway', 'Barra', 63, 'S');
insert into condutor (cpf, nome, dataNasc, idCategoriaCNH, endereco, bairro, idCidade, situacaoCNH) values (93055428750, 'Lotte Berks', '2/11/1984', 'C', '622 Service Court', 'Varadouro', 25, 'R');
insert into condutor (cpf, nome, dataNasc, idCategoriaCNH, endereco, bairro, idCidade, situacaoCNH) values (98857198774, 'Farleigh Postan', '16/12/1952', 'D', '58721 Schurz Plaza', 'Torre', 30, 'S');
insert into condutor (cpf, nome, dataNasc, idCategoriaCNH, endereco, bairro, idCidade, situacaoCNH) values (26959103070, 'Ira MacAree', '28/9/1958', 'E', '48782 Sundown Trail', 'Trincheiras', 83, 'R');
insert into condutor (cpf, nome, dataNasc, idCategoriaCNH, endereco, bairro, idCidade, situacaoCNH) values (31845286800, 'Jacquelynn McAsgill', '15/7/1970', 'AB', '3831 Atwood Center', 'Cidade dos Colibris', 2, 'S');
insert into condutor (cpf, nome, dataNasc, idCategoriaCNH, endereco, bairro, idCidade, situacaoCNH) values (74356827699, 'Alla Havock', '4/5/1957', 'AC', '7 Stuart Street', 'Trincheiras', 72, 'R');
insert into condutor (cpf, nome, dataNasc, idCategoriaCNH, endereco, bairro, idCidade, situacaoCNH) values (41682041095, 'Linnie Warr', '4/4/1995', 'AD', '84 Bay Terrace', 'Mangabeira', 63, 'S');
insert into condutor (cpf, nome, dataNasc, idCategoriaCNH, endereco, bairro, idCidade, situacaoCNH) values (49634621612, 'Rolfe Gussie', '26/5/1959', 'AE', '8635 Little Fleur Drive', 'Ilha do Bispo', 80, 'R');
insert into condutor (cpf, nome, dataNasc, idCategoriaCNH, endereco, bairro, idCidade, situacaoCNH) values (58244991694, 'Almeria McIndrew', '16/9/1955', 'ACC', '20503 Erie Trail', 'Castelo Branco', 44, 'S');
insert into condutor (cpf, nome, dataNasc, idCategoriaCNH, endereco, bairro, idCidade, situacaoCNH) values (57473931148, 'Antonie Mcettrick', '30/8/1993', 'A', '92465 Fordem Junction', 'Paratibe', 6, 'S');
insert into condutor (cpf, nome, dataNasc, idCategoriaCNH, endereco, bairro, idCidade, situacaoCNH) values (13342595771, 'Dora Franchioni', '16/11/1998', 'B', '440 Carey Avenue', 'Grotão', 70, 'R');
insert into condutor (cpf, nome, dataNasc, idCategoriaCNH, endereco, bairro, idCidade, situacaoCNH) values (18804927939, 'Stacee Scamaden', '2/11/1991', 'C', '79 Hayes Place', 'Ponta', 79, 'R');
insert into condutor (cpf, nome, dataNasc, idCategoriaCNH, endereco, bairro, idCidade, situacaoCNH) values (26569612091, 'Lynsey Goldine', '26/10/1990', 'D', '36 Pine View Trail', 'Jaguaribe', 11, 'R');
insert into condutor (cpf, nome, dataNasc, idCategoriaCNH, endereco, bairro, idCidade, situacaoCNH) values (94835879093, 'Ethelred Espinheira', '28/11/1954', 'E', '36 Bultman Drive', 'Distrito Industrial', 37, 'R');
insert into condutor (cpf, nome, dataNasc, idCategoriaCNH, endereco, bairro, idCidade, situacaoCNH) values (18960912689, 'Bobbette Jarmyn', '8/2/1983', 'AB', '2112 Spohn Plaza', 'Jardim Oceania', 33, 'S');
insert into condutor (cpf, nome, dataNasc, idCategoriaCNH, endereco, bairro, idCidade, situacaoCNH) values (90559515641, 'Cristen Mucci', '11/4/1981', 'AC', '23915 Jackson Street', 'Aeroclube', 60, 'R');
insert into condutor (cpf, nome, dataNasc, idCategoriaCNH, endereco, bairro, idCidade, situacaoCNH) values (51322259861, 'Deanna Sanbrook', '19/1/1992', 'AD', '8063 Sunbrook Street', 'Jardim São Paulo', 69, 'S');
insert into condutor (cpf, nome, dataNasc, idCategoriaCNH, endereco, bairro, idCidade, situacaoCNH) values (58772532791, 'Dara Bes', '2/5/1993', 'AE', '39097 Aberg Place', 'Cuiá', 20, 'R');
insert into condutor (cpf, nome, dataNasc, idCategoriaCNH, endereco, bairro, idCidade, situacaoCNH) values (23343265903, 'Tania Gilbank', '29/5/1982', 'ACC', '7936 Goodland Drive', 'Planalto da Boa Esperança', 38, 'R');
insert into condutor (cpf, nome, dataNasc, idCategoriaCNH, endereco, bairro, idCidade, situacaoCNH) values (89043303765, 'Andree Brambill', '19/7/1979', 'A', '74 Cascade Circle', 'Cruz das Armas', 78, 'S');
insert into condutor (cpf, nome, dataNasc, idCategoriaCNH, endereco, bairro, idCidade, situacaoCNH) values (31948481792, 'Tallia Tenby', '25/8/1971', 'B', '3 Cambridge Hill', 'Cidade dos Colibris', 28, 'R');
insert into condutor (cpf, nome, dataNasc, idCategoriaCNH, endereco, bairro, idCidade, situacaoCNH) values (95744647609, 'Franny Habbert', '24/3/1975', 'C', '6559 Eastlawn Alley', 'Jaguaribe', 14, 'R');
insert into condutor (cpf, nome, dataNasc, idCategoriaCNH, endereco, bairro, idCidade, situacaoCNH) values (79950653408, 'Janis Trebble', '29/6/1992', 'D', '4943 Lighthouse Bay Terrace', 'Paratibe', 50, 'S');
insert into condutor (cpf, nome, dataNasc, idCategoriaCNH, endereco, bairro, idCidade, situacaoCNH) values (74359898485, 'Cathi Worthington', '28/1/1995', 'E', '5188 Gateway Crossing', 'Bairro', 26, 'S');
insert into condutor (cpf, nome, dataNasc, idCategoriaCNH, endereco, bairro, idCidade, situacaoCNH) values (95666433566, 'Abie Zute', '23/11/1981', 'AB', '369 Spaight Plaza', 'Jardim Oceania', 49, 'S');
insert into condutor (cpf, nome, dataNasc, idCategoriaCNH, endereco, bairro, idCidade, situacaoCNH) values (60679405465, 'Jefferey Prendergast', '22/3/1975', 'AC', '0862 Corry Court', 'Jardim Oceania', 54, 'S');
insert into condutor (cpf, nome, dataNasc, idCategoriaCNH, endereco, bairro, idCidade, situacaoCNH) values (75769848999, 'Jaclin Trent', '28/1/1963', 'AD', '3 Schiller Center', 'José Américo', 6, 'S');
insert into condutor (cpf, nome, dataNasc, idCategoriaCNH, endereco, bairro, idCidade, situacaoCNH) values (38139160885, 'Trixy Lanmeid', '23/5/1971', 'AE', '16049 Prairieview Crossing', 'Aeroclube', 43, 'S');
insert into condutor (cpf, nome, dataNasc, idCategoriaCNH, endereco, bairro, idCidade, situacaoCNH) values (92213959671, 'Zed Marquez', '6/3/1956', 'ACC', '684 Truax Crossing', 'Bairro das Indústrias', 20, 'S');
insert into condutor (cpf, nome, dataNasc, idCategoriaCNH, endereco, bairro, idCidade, situacaoCNH) values (20783478112, 'Caterina Biddle', '29/1/1996', 'A', '63 Scott Point', 'Alto do Céu', 16, 'S');
insert into condutor (cpf, nome, dataNasc, idCategoriaCNH, endereco, bairro, idCidade, situacaoCNH) values (47417703005, 'Joey Bech', '23/5/1999', 'B', '14762 Manufacturers Parkway', 'Altiplano', 84, 'S');
insert into condutor (cpf, nome, dataNasc, idCategoriaCNH, endereco, bairro, idCidade, situacaoCNH) values (98279881819, 'Moreen Drysdale', '21/8/1993', 'C', '48 Talisman Drive', 'Jardim 13 de Maio', 67, 'S');
insert into condutor (cpf, nome, dataNasc, idCategoriaCNH, endereco, bairro, idCidade, situacaoCNH) values (93862373806, 'Antin Mallion', '11/11/1986', 'D', '6 Schlimgen Parkway', 'Distrito Industrial', 11, 'S');
insert into condutor (cpf, nome, dataNasc, idCategoriaCNH, endereco, bairro, idCidade, situacaoCNH) values (13992706163, 'Channa Tommeo', '21/4/1987', 'E', '2 Duke Way', 'Tambauzinho', 33, 'S');
insert into condutor (cpf, nome, dataNasc, idCategoriaCNH, endereco, bairro, idCidade, situacaoCNH) values (36863397311, 'Alfreda Cawthery', '18/3/1986', 'AB', '2737 Victoria Lane', 'Gramame', 4, 'R');
insert into condutor (cpf, nome, dataNasc, idCategoriaCNH, endereco, bairro, idCidade, situacaoCNH) values (11378545058, 'Delbert Maas', '15/2/1998', 'AC', '974 Scoville Circle', 'José Américo', 34, 'S');
insert into condutor (cpf, nome, dataNasc, idCategoriaCNH, endereco, bairro, idCidade, situacaoCNH) values (74324556065, 'Aguistin Menilove', '21/12/1976', 'AD', '7 Arrowood Avenue', 'Tambiá', 35, 'R');
insert into condutor (cpf, nome, dataNasc, idCategoriaCNH, endereco, bairro, idCidade, situacaoCNH) values (24438909074, 'Rosalia Eisak', '21/6/1950', 'AE', '55742 Maple Street', 'Paratibe', 15, 'R');
insert into condutor (cpf, nome, dataNasc, idCategoriaCNH, endereco, bairro, idCidade, situacaoCNH) values (59675896071, 'Granger Sherwill', '7/1/1984', 'ACC', '80700 Union Junction', 'Varjão', 19, 'R');
insert into condutor (cpf, nome, dataNasc, idCategoriaCNH, endereco, bairro, idCidade, situacaoCNH) values (45180047489, 'Hilario Ridger', '19/6/1961', 'A', '7 Saint Paul Street', 'Miramar', 75, 'R');
insert into condutor (cpf, nome, dataNasc, idCategoriaCNH, endereco, bairro, idCidade, situacaoCNH) values (90520282731, 'Myrta Scholey', '9/2/1967', 'B', '28201 Holy Cross Plaza', 'Ernâni Sátiro', 76, 'S');
insert into condutor (cpf, nome, dataNasc, idCategoriaCNH, endereco, bairro, idCidade, situacaoCNH) values (92934276749, 'Cathe Borwick', '9/7/1995', 'C', '67570 American Court', 'Costa do Sol', 50, 'S');
insert into condutor (cpf, nome, dataNasc, idCategoriaCNH, endereco, bairro, idCidade, situacaoCNH) values (29573894500, 'Moria Curtoys', '14/10/1998', 'D', '138 Brickson Park Crossing', 'Torre', 1, 'S');
insert into condutor (cpf, nome, dataNasc, idCategoriaCNH, endereco, bairro, idCidade, situacaoCNH) values (60372108018, 'Dotti Mantram', '1/8/1952', 'E', '99569 Warrior Circle', 'Jardim Oceania', 45, 'R');
insert into condutor (cpf, nome, dataNasc, idCategoriaCNH, endereco, bairro, idCidade, situacaoCNH) values (59007584997, 'Averell Faint', '6/8/1956', 'AB', '5 Fremont Way', 'Alto do Céu', 28, 'S');
insert into condutor (cpf, nome, dataNasc, idCategoriaCNH, endereco, bairro, idCidade, situacaoCNH) values (43042189559, 'Clementine Lindbergh', '22/8/1988', 'AC', '9 Schurz Center', 'Cristo Redentor', 79, 'S');
insert into condutor (cpf, nome, dataNasc, idCategoriaCNH, endereco, bairro, idCidade, situacaoCNH) values (14739327597, 'Lina Endon', '1/4/1993', 'AD', '4041 Welch Way', 'Torre', 26, 'S');
insert into condutor (cpf, nome, dataNasc, idCategoriaCNH, endereco, bairro, idCidade, situacaoCNH) values (19381697699, 'Tammie Ramberg', '27/2/1973', 'AE', '94410 Summit Court', 'Ernesto Geisel', 60, 'S');
insert into condutor (cpf, nome, dataNasc, idCategoriaCNH, endereco, bairro, idCidade, situacaoCNH) values (81273073963, 'Lisabeth Bernardet', '14/1/1963', 'ACC', '97 Clyde Gallagher Avenue', 'Funcionários II', 74, 'R');
insert into condutor (cpf, nome, dataNasc, idCategoriaCNH, endereco, bairro, idCidade, situacaoCNH) values (31185270747, 'Livvie Tolussi', '26/4/1991', 'A', '75 Thierer Crossing', 'Centro', 9, 'S');
insert into condutor (cpf, nome, dataNasc, idCategoriaCNH, endereco, bairro, idCidade, situacaoCNH) values (53282500538, 'Ninetta Sharpless', '25/3/1963', 'B', '717 Weeping Birch Center', 'Bairro das Indústrias', 31, 'S');
insert into condutor (cpf, nome, dataNasc, idCategoriaCNH, endereco, bairro, idCidade, situacaoCNH) values (94167914368, 'Ian Plank', '4/12/1970', 'C', '7 Mcbride Court', 'Jardim Oceania', 6, 'S');
insert into condutor (cpf, nome, dataNasc, idCategoriaCNH, endereco, bairro, idCidade, situacaoCNH) values (57682588908, 'Beulah Coatsworth', '5/9/1998', 'D', '85928 Thierer Street', 'Jardim Oceania', 63, 'R');
insert into condutor (cpf, nome, dataNasc, idCategoriaCNH, endereco, bairro, idCidade, situacaoCNH) values (96624562127, 'Geralda Caesman', '21/8/1961', 'E', '7 Bellgrove Point', 'José Américo', 21, 'R');
insert into condutor (cpf, nome, dataNasc, idCategoriaCNH, endereco, bairro, idCidade, situacaoCNH) values (15077920846, 'Zsazsa Lovelock', '13/10/1995', 'AB', '0819 Dottie Drive', 'Jardim Cidade Universitária', 16, 'R');
insert into condutor (cpf, nome, dataNasc, idCategoriaCNH, endereco, bairro, idCidade, situacaoCNH) values (66281897337, 'Gibby Wanley', '23/6/1964', 'AC', '25375 Swallow Lane', 'Miramar', 12, 'R');
insert into condutor (cpf, nome, dataNasc, idCategoriaCNH, endereco, bairro, idCidade, situacaoCNH) values (28440533027, 'Jacinthe Valentinuzzi', '20/7/1998', 'AD', '3426 Center Crossing', 'Jardim 13 de Maio', 58, 'R');
insert into condutor (cpf, nome, dataNasc, idCategoriaCNH, endereco, bairro, idCidade, situacaoCNH) values (59069834073, 'Ives Dobrowolski', '8/11/1983', 'AE', '17 Northwestern Parkway', 'São José', 68, 'R');
insert into condutor (cpf, nome, dataNasc, idCategoriaCNH, endereco, bairro, idCidade, situacaoCNH) values (84864875151, 'Marketa Dawdry', '13/2/1975', 'ACC', '42 Mallard Junction', 'Mumbaba', 68, 'R');
insert into condutor (cpf, nome, dataNasc, idCategoriaCNH, endereco, bairro, idCidade, situacaoCNH) values (94831212853, 'Morty Wren', '31/5/1989', 'A', '3888 Prentice Street', 'Bessa', 31, 'S');
insert into condutor (cpf, nome, dataNasc, idCategoriaCNH, endereco, bairro, idCidade, situacaoCNH) values (45348551281, 'Matthieu Lauks', '11/3/1979', 'B', '6 Dexter Alley', 'Jaguaribe', 32, 'S');
insert into condutor (cpf, nome, dataNasc, idCategoriaCNH, endereco, bairro, idCidade, situacaoCNH) values (39076962031, 'Vikky Acory', '30/8/1979', 'C', '04 Brown Avenue', 'Gramame', 73, 'R');
insert into condutor (cpf, nome, dataNasc, idCategoriaCNH, endereco, bairro, idCidade, situacaoCNH) values (50616157739, 'Nobe Werndly', '1/8/1972', 'D', '059 Northwestern Pass', 'Valentina Figueiredo', 29, 'R');
insert into condutor (cpf, nome, dataNasc, idCategoriaCNH, endereco, bairro, idCidade, situacaoCNH) values (30895895020, 'Florian Klazenga', '19/5/1964', 'E', '9 Hudson Junction', 'Mangabeira', 38, 'S');
insert into condutor (cpf, nome, dataNasc, idCategoriaCNH, endereco, bairro, idCidade, situacaoCNH) values (30882224817, 'Gipsy Siddle', '15/5/1990', 'AB', '32446 Forest Run Road', 'Funcionários II', 22, 'S');
insert into condutor (cpf, nome, dataNasc, idCategoriaCNH, endereco, bairro, idCidade, situacaoCNH) values (79496703342, 'Kaine Dorney', '14/8/1993', 'AC', '3614 Center Trail', 'Varjão', 22, 'R');
insert into condutor (cpf, nome, dataNasc, idCategoriaCNH, endereco, bairro, idCidade, situacaoCNH) values (51021130234, 'Corrine D''Hooge', '9/2/1973', 'AD', '3 Porter Terrace', 'Trincheiras', 59, 'S');
insert into condutor (cpf, nome, dataNasc, idCategoriaCNH, endereco, bairro, idCidade, situacaoCNH) values (96732282145, 'Melodee Paoletti', '27/4/1974', 'AE', '9340 Porter Place', 'Costa e Silva', 54, 'R');
insert into condutor (cpf, nome, dataNasc, idCategoriaCNH, endereco, bairro, idCidade, situacaoCNH) values (76574817292, 'Nari Jerisch', '8/11/1986', 'ACC', '3961 Golf View Drive', 'Oitizeiro', 47, 'R');
insert into condutor (cpf, nome, dataNasc, idCategoriaCNH, endereco, bairro, idCidade, situacaoCNH) values (59499102557, 'Marget Maffioletti', '10/4/1977', 'A', '53 Atwood Trail', 'Alto do Céu', 38, 'R');
insert into condutor (cpf, nome, dataNasc, idCategoriaCNH, endereco, bairro, idCidade, situacaoCNH) values (49700100081, 'Lillian McKaile', '4/5/1980', 'B', '398 Manufacturers Road', 'Ernâni Sátiro', 42, 'R');
insert into condutor (cpf, nome, dataNasc, idCategoriaCNH, endereco, bairro, idCidade, situacaoCNH) values (33240211650, 'Percival Davidi', '10/4/1954', 'C', '9741 Merrick Pass', 'José Américo', 28, 'S');
insert into condutor (cpf, nome, dataNasc, idCategoriaCNH, endereco, bairro, idCidade, situacaoCNH) values (18228272236, 'Maiga Vasyanin', '30/10/1953', 'D', '8 Brickson Park Alley', 'Oitizeiro', 25, 'R');
insert into condutor (cpf, nome, dataNasc, idCategoriaCNH, endereco, bairro, idCidade, situacaoCNH) values (31208624919, 'Stephi Garaway', '20/12/1950', 'E', '495 Service Court', 'Alto do Mateus', 72, 'S');
insert into condutor (cpf, nome, dataNasc, idCategoriaCNH, endereco, bairro, idCidade, situacaoCNH) values (14628650969, 'Shana Pennetta', '1/5/1952', 'AB', '7 Alpine Trail', 'Jaguaribe', 59, 'R');
insert into condutor (cpf, nome, dataNasc, idCategoriaCNH, endereco, bairro, idCidade, situacaoCNH) values (85676062369, 'Rozamond Mulvihill', '20/10/1976', 'AC', '192 Michigan Way', 'Portal do Sol', 28, 'S');
insert into condutor (cpf, nome, dataNasc, idCategoriaCNH, endereco, bairro, idCidade, situacaoCNH) values (77787789114, 'Shalom Le Pine', '11/6/1961', 'AD', '35997 Texas Plaza', 'Mandacaru', 78, 'S');
insert into condutor (cpf, nome, dataNasc, idCategoriaCNH, endereco, bairro, idCidade, situacaoCNH) values (37602136657, 'Norman Ayerst', '13/11/1968', 'AE', '56 Green Court', 'Anatólia', 37, 'S');
insert into condutor (cpf, nome, dataNasc, idCategoriaCNH, endereco, bairro, idCidade, situacaoCNH) values (58641936285, 'Franciskus Shotbolt', '3/5/1993', 'ACC', '175 Steensland Lane', 'Jardim São Paulo', 68, 'S');
insert into condutor (cpf, nome, dataNasc, idCategoriaCNH, endereco, bairro, idCidade, situacaoCNH) values (32505949070, 'Pippo Theakston', '11/9/1986', 'A', '9971 Crownhardt Circle', 'Torre', 73, 'S');
insert into condutor (cpf, nome, dataNasc, idCategoriaCNH, endereco, bairro, idCidade, situacaoCNH) values (15741655273, 'Gordy Biaggetti', '19/6/1999', 'B', '25 Anhalt Pass', 'Padre Zé', 51, 'R');
insert into condutor (cpf, nome, dataNasc, idCategoriaCNH, endereco, bairro, idCidade, situacaoCNH) values (25169879906, 'Boote Trye', '4/6/1978', 'C', '4001 Merry Park', 'Bairro dos Estados', 55, 'R');
insert into condutor (cpf, nome, dataNasc, idCategoriaCNH, endereco, bairro, idCidade, situacaoCNH) values (87746722405, 'Kristy Livsey', '28/1/1995', 'D', '4258 Saint Paul Terrace', 'Quadramares', 74, 'R');
insert into condutor (cpf, nome, dataNasc, idCategoriaCNH, endereco, bairro, idCidade, situacaoCNH) values (40417081261, 'Kai Durban', '23/2/1996', 'E', '54 Knutson Avenue', 'Jardim 13 de Maio', 4, 'S');
insert into condutor (cpf, nome, dataNasc, idCategoriaCNH, endereco, bairro, idCidade, situacaoCNH) values (65960913613, 'Quint Dumsday', '17/7/1952', 'AB', '495 Anhalt Pass', 'Aeroclube', 58, 'R');
insert into condutor (cpf, nome, dataNasc, idCategoriaCNH, endereco, bairro, idCidade, situacaoCNH) values (13726348821, 'Katharine Artrick', '11/12/1965', 'AC', '79 Springview Crossing', 'Jardim 13 de Maio', 67, 'R');
insert into condutor (cpf, nome, dataNasc, idCategoriaCNH, endereco, bairro, idCidade, situacaoCNH) values (73746409981, 'Ulysses Bernucci', '22/1/1954', 'AD', '8 Shopko Alley', 'Tambiá', 80, 'R');
insert into condutor (cpf, nome, dataNasc, idCategoriaCNH, endereco, bairro, idCidade, situacaoCNH) values (62581607228, 'Fanchon Springall', '27/3/1979', 'AE', '09423 Lyons Circle', 'Mandacaru', 4, 'S');
insert into condutor (cpf, nome, dataNasc, idCategoriaCNH, endereco, bairro, idCidade, situacaoCNH) values (26160979468, 'Heddie Dutson', '4/6/1966', 'ACC', '35541 Dottie Crossing', 'Grotão', 60, 'S');
insert into condutor (cpf, nome, dataNasc, idCategoriaCNH, endereco, bairro, idCidade, situacaoCNH) values (43134614227, 'Joela Iacovaccio', '27/9/1981', 'A', '71247 Rutledge Park', 'José Américo', 84, 'S');
insert into condutor (cpf, nome, dataNasc, idCategoriaCNH, endereco, bairro, idCidade, situacaoCNH) values (48768947510, 'Ravid Rolles', '29/6/1973', 'B', '15259 Northridge Center', 'Jardim Veneza', 70, 'R');
insert into condutor (cpf, nome, dataNasc, idCategoriaCNH, endereco, bairro, idCidade, situacaoCNH) values (88354429914, 'Nannette Bolsteridge', '5/6/1997', 'C', '16609 Ridgeway Plaza', 'Jardim Cidade Universitária', 1, 'S');
insert into condutor (cpf, nome, dataNasc, idCategoriaCNH, endereco, bairro, idCidade, situacaoCNH) values (48647745528, 'Cate Trudgian', '20/5/1993', 'D', '02 Ridgeway Plaza', 'Tambauzinho', 15, 'R');
insert into condutor (cpf, nome, dataNasc, idCategoriaCNH, endereco, bairro, idCidade, situacaoCNH) values (27307627853, 'Curry Leathard', '12/6/1973', 'E', '49 Acker Junction', 'Planalto da Boa Esperança', 16, 'R');
insert into condutor (cpf, nome, dataNasc, idCategoriaCNH, endereco, bairro, idCidade, situacaoCNH) values (70344329560, 'Branden Niezen', '4/9/1968', 'AB', '170 Jenifer Street', 'Mumbaba', 66, 'R');
insert into condutor (cpf, nome, dataNasc, idCategoriaCNH, endereco, bairro, idCidade, situacaoCNH) values (85979748898, 'Kania Persey', '17/7/1953', 'AC', '17851 Pawling Junction', 'Jaguaribe', 50, 'S');
insert into condutor (cpf, nome, dataNasc, idCategoriaCNH, endereco, bairro, idCidade, situacaoCNH) values (41565425805, 'Virge Dorr', '13/2/1982', 'AD', '6 Heath Parkway', 'Paratibe', 10, 'R');
insert into condutor (cpf, nome, dataNasc, idCategoriaCNH, endereco, bairro, idCidade, situacaoCNH) values (71023494079, 'Lewiss Croasdale', '10/6/1958', 'AE', '5 Lakewood Center', 'Manaíra', 25, 'R');

/*************************************************************************************************
*
*  #5 marca
*
************************************************************************************************/

INSERT INTO marca (nome, origem) values ('Honda', 'Japão');
INSERT INTO marca (nome, origem) values ('Toyota', 'Japão');
INSERT INTO marca (nome, origem) values ('Chevrolet', 'EUA');
INSERT INTO marca (nome, origem) values ('BMW', 'Alemanha');
INSERT INTO marca (nome, origem) values ('Ford', 'EUA');
INSERT INTO marca (nome, origem) values ('Audi', 'Alemanha');
INSERT INTO marca (nome, origem) values ('Volkswagen', 'Alemanha');
INSERT INTO marca (nome, origem) values ('Fiat', 'Itália');
INSERT INTO marca (nome, origem) values ('Nissan', 'Japão');
INSERT INTO marca (nome, origem) values ('Hyundai', 'Coréia do Sul');
INSERT INTO marca (nome, origem) values ('Renault', 'França');

/*************************************************************************************************
*
*  #6 tipo
*
************************************************************************************************/

INSERT INTO tipo (descricao) values ('motocicleta');
INSERT INTO tipo (descricao) values ('motoneta');
INSERT INTO tipo (descricao) values ('triciclo');
INSERT INTO tipo (descricao) values ('quadriciclo');
INSERT INTO tipo (descricao) values ('automóvel');
INSERT INTO tipo (descricao) values ('microônibus');
INSERT INTO tipo (descricao) values ('ônibus');
INSERT INTO tipo (descricao) values ('reboque');
INSERT INTO tipo (descricao) values ('charrete');
INSERT INTO tipo (descricao) values ('caminhonete');
INSERT INTO tipo (descricao) values ('caminhão');
INSERT INTO tipo (descricao) values ('carroça');
INSERT INTO tipo (descricao) values ('trator de rodas');
INSERT INTO tipo (descricao) values ('trator de esteira');
INSERT INTO tipo (descricao) values ('trator misto');
INSERT INTO tipo (descricao) values ('furgão');

/*************************************************************************************************
*
*  #7 modelo
*
************************************************************************************************/

INSERT INTO modelo (denominacao, idMarca, idTipo) VALUES ('Civic', 1, 5);
INSERT INTO modelo (denominacao, idMarca, idTipo) VALUES ('Clarity', 1, 5);
INSERT INTO modelo (denominacao, idMarca, idTipo) VALUES ('CB Hornet', 1 , 1);
INSERT INTO modelo (denominacao, idMarca, idTipo) VALUES ('Activa 5G',1 , 1);
INSERT INTO modelo (denominacao, idMarca, idTipo) VALUES ('Shine SP',1 , 1);
INSERT INTO modelo (denominacao, idMarca, idTipo) VALUES ('Fit',1 , 5);
INSERT INTO modelo (denominacao, idMarca, idTipo) VALUES ('M340i Sedan', 4, 5);
INSERT INTO modelo (denominacao, idMarca, idTipo) VALUES ('M550i xDrive Sedan', 4, 5);
INSERT INTO modelo (denominacao, idMarca, idTipo) VALUES ('M760i xDrive Sedan', 4, 5);
INSERT INTO modelo (denominacao, idMarca, idTipo) VALUES ('M850i xDrive Coupe', 4, 5);
INSERT INTO modelo (denominacao, idMarca, idTipo) VALUES ('Jetta', 7, 5);
INSERT INTO modelo (denominacao, idMarca, idTipo) VALUES ('Passat', 7, 5);
INSERT INTO modelo (denominacao, idMarca, idTipo) VALUES ('Golf', 7, 5);
INSERT INTO modelo (denominacao, idMarca, idTipo) VALUES ('Gol', 7, 5);
INSERT INTO modelo (denominacao, idMarca, idTipo) VALUES ('Amarok', 7, 10);
INSERT INTO modelo (denominacao, idMarca, idTipo) VALUES ('Duster', 11, 5);
INSERT INTO modelo (denominacao, idMarca, idTipo) VALUES ('Clio', 11, 5);
INSERT INTO modelo (denominacao, idMarca, idTipo) VALUES ('Sandero', 11, 5);
INSERT INTO modelo (denominacao, idMarca, idTipo) VALUES ('i30', 10, 5);
INSERT INTO modelo (denominacao, idMarca, idTipo) VALUES ('HB20', 10, 5);
INSERT INTO modelo (denominacao, idMarca, idTipo) VALUES ('A3', 6, 5);
INSERT INTO modelo (denominacao, idMarca, idTipo) VALUES ('Palio', 2, 10);
INSERT INTO modelo (denominacao, idMarca, idTipo) VALUES ('Stilo', 8, 5);
INSERT INTO modelo (denominacao, idMarca, idTipo) VALUES ('Uno', 8, 5);

/*************************************************************************************************
*
*  #8 infracao
*
************************************************************************************************/

-- ref.: http://www.pmfi.pr.gov.br/Portal/VisualizaObj.aspx?IDObj=11179

INSERT INTO infracao (descricao, pontos, valor) VALUES ('DIRIGIR VEICULO S/ POSSUIR CNH OU PERMISSAO PARA DIRIGIR', 7, 574.62);
INSERT INTO infracao (descricao, pontos, valor) VALUES ('DIRIGIR VEICULO C/ CNH OU PERMISSAO P/ DIRIGIR CASSADA', 7, 957.7);
INSERT INTO infracao (descricao, pontos, valor) VALUES ('DIRIGIR VEIC C/ CNH OU PERMISSAO P/DIRIGIR CATEG DIFERENTE', 7, 574.62);
INSERT INTO infracao (descricao, pontos, valor) VALUES ('DIRIGIR VEIC C/ VALIDADE DE CNH VENCIDA HA MAIS DE 30 DIAS', 7, 191.54);
INSERT INTO infracao (descricao, pontos, valor) VALUES ('DIRIGIR S/ USAR LENTES, APAR, ETC IMPOSTAS PELA LICENCA', 7, 191.54);
INSERT INTO infracao (descricao, pontos, valor) VALUES ('ENTREGAR DIREC VEIC PESSOA S/ CNH/PERMISSAO P/ DIRIGIR', 7, 574.62);
INSERT INTO infracao (descricao, pontos, valor) VALUES ('ENTREGAR DIREC VEIC PESSOA C/ CNH/PERMISSAO CASSADA', 7, 957.7);
INSERT INTO infracao (descricao, pontos, valor) VALUES ('ENTREGAR DIREC VEIC PESSOA CNH/PERMISSAO CAT DIFERENTE', 7, 574.62);
INSERT INTO infracao (descricao, pontos, valor) VALUES ('ENTREGAR DIREC VEIC PESSOA CNH/PERMISSAO VENCIDA + 30DIAS', 7, 191.54);
INSERT INTO infracao (descricao, pontos, valor) VALUES ('ENTREGAR DIREC VEIC PESSOA S/ LENTES,ETC IMPOSTAS LICENCA', 7, 191.54);
INSERT INTO infracao (descricao, pontos, valor) VALUES ('PERMITIR TOME POSSE VEIC PESSOA S/ CNH PERMISSAO P/DIRIGIR', 7, 574.62);
INSERT INTO infracao (descricao, pontos, valor) VALUES ('PERMITIR TOME POSSE VEIC PESSOA C/ CNH/PERMISSAO CASSADA', 7, 957.7);
INSERT INTO infracao (descricao, pontos, valor) VALUES ('PERMITIR TOME POSSE VEIC PESSOA CNH/PERMISSAO CAT DIFERENT', 7, 574.62);
INSERT INTO infracao (descricao, pontos, valor) VALUES ('PERMITIR TOME POSSE VEIC PESSOA CNH/PERMISSAO VENC + 30DIA', 7, 191.54);
INSERT INTO infracao (descricao, pontos, valor) VALUES ('PERMITIR TOME POSSE VEIC PESSOA S/ LENTES,ETC IMPOSTAS LIC', 7, 191.54);
INSERT INTO infracao (descricao, pontos, valor) VALUES ('DIRIGIR SOB INFLUENCIA ALCOOL NIVEL SUP. OU ENTORPECENTE', 7, 957.7);
INSERT INTO infracao (descricao, pontos, valor) VALUES ('ENTREGAR VEIC A PESSOA NAO ESTIVER CONDICOES DE DIRIGIR', 7, 191.54);
INSERT INTO infracao (descricao, pontos, valor) VALUES ('DEIXAR O CONDUTOR/PASSAGEIRO DE USAR O CINTO DE SEGURANCA', 5, 127.69);
INSERT INTO infracao (descricao, pontos, valor) VALUES ('TRANSPORTAR CRIANCAS EM VEIC S/ OBSERVAR NORMAS', 7, 191.54);
INSERT INTO infracao (descricao, pontos, valor) VALUES ('DIRIGIR SEM OS CUIDADOS INDISPENSAVEIS A SEGURANCA', 3, 53.2);
INSERT INTO infracao (descricao, pontos, valor) VALUES ('DIRIGIR AMEACANDO PEDESTRES ESTEJAM NA VIA PUBLICA', 7, 191.54);
INSERT INTO infracao (descricao, pontos, valor) VALUES ('USAR VEIC PARA ARREMESSAR SOBRE PEDESTRES AGUA, ETC', 4, 85.13);
INSERT INTO infracao (descricao, pontos, valor) VALUES ('ATIRAR OU ABANDONAR NA VIA OBJETOS OU SUBSTANCIAS', 4, 85.13);
INSERT INTO infracao (descricao, pontos, valor) VALUES ('DISPUTAR CORRIDA POR ESPIRITO DE EMULACAO', 7, 574.62);
INSERT INTO infracao (descricao, pontos, valor) VALUES ('PROMOVER NA VIA COMPETICAO, EVENTOS, ETC S/ PERMISSAO', 7, 957.7);
INSERT INTO infracao (descricao, pontos, valor) VALUES ('PARTICIPAR NA VIA COMO CONDUTOR DE COMPETICAO, EVENTOS', 7, 191.54);
INSERT INTO infracao (descricao, pontos, valor) VALUES ('UTILIZAR-SE DE VEIC P/ DEMONSTRAR MANOBRA PERIGOSA', 7, 191.54);
INSERT INTO infracao (descricao, pontos, valor) VALUES ('EM ACIDENTE, NAO PRESTAR SOCORRO A VITIMA', 7, 957.7);
INSERT INTO infracao (descricao, pontos, valor) VALUES ('EM ACIDENTE, NAO ADOTAR PROVIDENCIAS P/ EVITAR PERIGO', 7, 957.7);
INSERT INTO infracao (descricao, pontos, valor) VALUES ('EM ACIDENTE, NAO PRESERVAR O LOCAL P/ FACILITAR TRABALHO', 7, 957.7);
INSERT INTO infracao (descricao, pontos, valor) VALUES ('EM ACIDENTE, NAO ADOTAR PROVIDENCIAS P/ REMOVER VEIC', 7, 957.7);
INSERT INTO infracao (descricao, pontos, valor) VALUES ('EM ACIDENTE, NAO IDENTIFICAR-SE AO POLICIAL', 7, 957.7);
INSERT INTO infracao (descricao, pontos, valor) VALUES ('DEIXAR O CONDUTOR DE PRESTAR SOCORRO A VITIMA QDO SOLIC', 5, 127.69);
INSERT INTO infracao (descricao, pontos, valor) VALUES ('DEIXAR DE REMOVER VEICULO ENVOLVIDO EM ACIDENTE SEM VITIMA', 4, 85.13);
INSERT INTO infracao (descricao, pontos, valor) VALUES ('REPARAR VEIC EM ROD E VIA TRANS RAPIDO QDO POSS REMOCAO', 5, 127.69);
INSERT INTO infracao (descricao, pontos, valor) VALUES ('REPARAR VEICULO NAS DEMAIS VIAS QUANDO POSSIVEL REMOCAO', 3, 53.2);
INSERT INTO infracao (descricao, pontos, valor) VALUES ('VEICULO IMOBILIZADO NA VIA POR FALTA DE COMBUSTIVEL', 4, 85.13);
INSERT INTO infracao (descricao, pontos, valor) VALUES ('ESTACIONAR A MENOS DE 5M DO ALINHAMENTO DA VIA TRANSVERSAL', 4, 85.13);
INSERT INTO infracao (descricao, pontos, valor) VALUES ('ESTACIONAR AFASTADO DA GUIA DE 50CM A 1M', 3, 53.2);
INSERT INTO infracao (descricao, pontos, valor) VALUES ('ESTACIONAR AFASTADO DA GUIA A MAIS DE 1M', 5, 127.69);
INSERT INTO infracao (descricao, pontos, valor) VALUES ('ESTACIONAR EM DESACORDO COM O ESTABELECIDO PELO CODIGO', 4, 85.13);
INSERT INTO infracao (descricao, pontos, valor) VALUES ('ESTACIONAR NA PISTA DE ROLAMENTO DAS VIAS COM ACOSTAMENTO', 7, 191.54);
INSERT INTO infracao (descricao, pontos, valor) VALUES ('ESTACIONAR VEIC JUNTO A HIDRANTES, REGISTROS, ETC', 4, 85.13);
INSERT INTO infracao (descricao, pontos, valor) VALUES ('ESTACIONAR JUNTO/SOBRE HIDRANTE', 4, 85.13);
INSERT INTO infracao (descricao, pontos, valor) VALUES ('ESTACIONAR JUNTO/SOBRE REGISTRO DE AGUA', 4, 85.13);
INSERT INTO infracao (descricao, pontos, valor) VALUES ('ESTACIONAR JUNTO/SOBRE TAMPA DE PV DE GALERIA SUBTERRANEA', 4, 85.13);
INSERT INTO infracao (descricao, pontos, valor) VALUES ('ESTACIONAR NO ACOSTAMENTO', 3, 53.2);
INSERT INTO infracao (descricao, pontos, valor) VALUES ('ESTACIONAR VEIC NO PASSEIO, FAIXA DE PEDESTRES, ETC', 5, 127.69);
INSERT INTO infracao (descricao, pontos, valor) VALUES ('ESTACIONAR NO PASSEIO', 5, 127.69);
INSERT INTO infracao (descricao, pontos, valor) VALUES ('ESTACIONAR SOBRE FAIXA DE PEDESTRES', 5, 127.69);
INSERT INTO infracao (descricao, pontos, valor) VALUES ('ESTACIONAR SOBRE CICLOVIA OU CICLO FAIXA', 5, 127.69);
INSERT INTO infracao (descricao, pontos, valor) VALUES ('ESTACIONAR AO LADO OU SOBRE CANTEIRO CENTRAL, ILHAS,ETC', 5, 127.69);
INSERT INTO infracao (descricao, pontos, valor) VALUES ('ESTACIONAR SOBRE GRAMADO OU JARDIM PUBLICO', 5, 127.69);
INSERT INTO infracao (descricao, pontos, valor) VALUES ('ESTACIONAR DIANTE GUIA REBAIXADA ENTRADA/SAIDA VEICULOS', 4, 85.13);
INSERT INTO infracao (descricao, pontos, valor) VALUES ('ESTACIONAR IMPEDINDO MOVIMENTACAO DE OUTRO VEICULO', 4, 85.13);
INSERT INTO infracao (descricao, pontos, valor) VALUES ('ESTACIONAR AO LADO DE OUTRO VEICULO(FILA DUPLA)', 5, 127.69);
INSERT INTO infracao (descricao, pontos, valor) VALUES ('ESTACIONAR NO CRUZAMENTO PREJUDICANDO CIRC VEIC/PEDESTRES', 5, 127.69);
INSERT INTO infracao (descricao, pontos, valor) VALUES ('ESTACIONAR JUNTO PONTO EMB/DESEMB TRANSPORTE COLETIVO', 4, 85.13);
INSERT INTO infracao (descricao, pontos, valor) VALUES ('ESTACIONAR O VEICULO NOS VIADUTOS, PONTES E TUNEIS', 5, 127.69);
INSERT INTO infracao (descricao, pontos, valor) VALUES ('ESTACIONAR VEICULO EM VIADUTO', 5, 127.69);
INSERT INTO infracao (descricao, pontos, valor) VALUES ('ESTACIONAR VEICULO EM PONTE', 5, 127.69);
INSERT INTO infracao (descricao, pontos, valor) VALUES ('ESTACIONAR VEICULO EM TUNEL', 5, 127.69);
INSERT INTO infracao (descricao, pontos, valor) VALUES ('ESTACIONAR O VEICULO NA CONTRAMAO DE DIRECAO', 4, 85.13);
INSERT INTO infracao (descricao, pontos, valor) VALUES ('ESTACIONAR EM ACLIVE/DECLIVE S/ CALCO (VEIC ACIMA 3500KG)', 5, 127.69);
INSERT INTO infracao (descricao, pontos, valor) VALUES ('ESTACIONAR EM DESACORDO COM A REGULAMENTACAO', 3, 53.2);
INSERT INTO infracao (descricao, pontos, valor) VALUES ('ESTACIONAR EM LOCAL/HORARIO PROIBIDOS PELA SINALIZACAO', 4, 85.13);
INSERT INTO infracao (descricao, pontos, valor) VALUES ('ESTACIONAR EM LOCAL/HORA COM SINALIZ PROIBIDO PARADA/ESTAC', 5, 127.69);
INSERT INTO infracao (descricao, pontos, valor) VALUES ('PARAR A MENOS DE 5M DO ALINHAMENTO DA VIA TRANSVERSAL', 4, 85.13);
INSERT INTO infracao (descricao, pontos, valor) VALUES ('PARAR AFASTADO DA GUIA DE 50CM A 1M', 3, 53.2);
INSERT INTO infracao (descricao, pontos, valor) VALUES ('PARAR AFASTADO DA GUIA A MAIS DE 1M', 4, 85.13);
INSERT INTO infracao (descricao, pontos, valor) VALUES ('PARAR EM DESACORDO COM ESTABELECIDO PELO CODIGO', 3, 53.2);
INSERT INTO infracao (descricao, pontos, valor) VALUES ('PARAR NA PISTA DE ROLAMENTO DAS VIAS COM ACOSTAMENTO', 5, 127.69);
INSERT INTO infracao (descricao, pontos, valor) VALUES ('PARAR VEIC NO PASSEIO OU FAIXA DE PEDESTRES, ETC', 3, 53.2);
INSERT INTO infracao (descricao, pontos, valor) VALUES ('PARAR NO PASSEIO', 3, 53.2);
INSERT INTO infracao (descricao, pontos, valor) VALUES ('PARAR SOBRE A FAIXA DE PEDESTRE', 3, 53.2);
INSERT INTO infracao (descricao, pontos, valor) VALUES ('PARAR EM ILHAS, CANTEIRO CENTRAL E MARCAS DE CANALIZACAO', 3, 53.2);
INSERT INTO infracao (descricao, pontos, valor) VALUES ('PARAR NA AREA CRUZAMENTO PREJUD CIRC VEICULOS/PEDESTRES', 4, 85.13);
INSERT INTO infracao (descricao, pontos, valor) VALUES ('PARAR VEIC NOS VIADUTOS, PONTES E TUNEIS', 4, 85.13);
INSERT INTO infracao (descricao, pontos, valor) VALUES ('PARAR VEICULO EM VIADUTOS', 4, 85.13);
INSERT INTO infracao (descricao, pontos, valor) VALUES ('PARAR VEICULO EM PONTES', 4, 85.13);
INSERT INTO infracao (descricao, pontos, valor) VALUES ('PARAR VEICULO EM TUNEIS', 4, 85.13);
INSERT INTO infracao (descricao, pontos, valor) VALUES ('PARAR VEICULO NA CONTRAMAO DE DIRECAO', 4, 85.13);
INSERT INTO infracao (descricao, pontos, valor) VALUES ('PARAR EM LOCAL/HORA PROIBIDO PELA SINALIZACAO', 4, 85.13);
INSERT INTO infracao (descricao, pontos, valor) VALUES ('PARAR SOBRE FAIXA DE PEDESTRE NA MUDANCA DE SEMAFORO(ELET)', 4, 85.13);
INSERT INTO infracao (descricao, pontos, valor) VALUES ('PARAR VEIC SOBRE FX DE PEDESTRE MUDANCA DE SEMAFORO', 4, 85.13);
INSERT INTO infracao (descricao, pontos, valor) VALUES ('TRANSITAR C/ VEIC NA FAIXA DIREITA DE CIRCULACAO EXCLUSIVA', 3, 53.2);
INSERT INTO infracao (descricao, pontos, valor) VALUES ('TRANSITAR C/VEIC NA FAIXA ESQUERDA DE CIRCULACAO EXCLUSIVA', 5, 127.69);
INSERT INTO infracao (descricao, pontos, valor) VALUES ('QDO VEIC EM MOV DEIXAR DE CONSERVA-LO FAIXA DESTINADA', 4, 85.13);
INSERT INTO infracao (descricao, pontos, valor) VALUES ('QDO VEIC LENTO DEIXAR DE CONSERVA-LO NAS FAIXAS DA DIREITA', 4, 85.13);
INSERT INTO infracao (descricao, pontos, valor) VALUES ('TRANSITAR PELA CONTRAMAO EM VIAS DE DUPLO SENTIDO', 5, 127.69);
INSERT INTO infracao (descricao, pontos, valor) VALUES ('TRANSITAR PELA CONTRAMAO VIAS C/ SINALIZ SENTIDO UNICO', 7, 191.54);
INSERT INTO infracao (descricao, pontos, valor) VALUES ('TRANSITAR LOCAL/HORARIO NAO PERMITIDO', 4, 85.13);
INSERT INTO infracao (descricao, pontos, valor) VALUES ('TRANSITAR LOCAL/HORARIO NAO PERMITIDO PARA CAMINHOES,ONIB', 5, 127.69);
INSERT INTO infracao (descricao, pontos, valor) VALUES ('TRANSITAR AO LADO DE OUTRO VEIC INTERROMPENDO O TRANSITO', 4, 85.13);
INSERT INTO infracao (descricao, pontos, valor) VALUES ('DEIXAR DE DAR PASSAGEM VEIC SOCORRO, DE INCENDIO E SALVAM', 7, 191.54);
INSERT INTO infracao (descricao, pontos, valor) VALUES ('NAO DAR PASSAGEM A VEICULO PRECEDIDO BATEDORES', 7, 191.54);
INSERT INTO infracao (descricao, pontos, valor) VALUES ('NAO DAR PASSAGEM A VEIC DE SOCORRO INCENDIO/SALVAMENTO', 7, 191.54);
INSERT INTO infracao (descricao, pontos, valor) VALUES ('NAO DAR PASSAGEM A VEICULO DE POLICIA', 7, 191.54);
INSERT INTO infracao (descricao, pontos, valor) VALUES ('NAO DAR PASSAGEM A VEIC OPER E FISCAL DE TRANSITO', 7, 191.54);
INSERT INTO infracao (descricao, pontos, valor) VALUES ('NAO DAR PASSAGEM A AMBULANCIAS', 7, 191.54);
INSERT INTO infracao (descricao, pontos, valor) VALUES ('SEGUIR VEIC EM SERVICO DE URGENCIA C/PRIORIDADE PASSAGEM', 5, 127.69);
INSERT INTO infracao (descricao, pontos, valor) VALUES ('FORCAR PASSAGEM ENTRE VEICULOS TRANS SENTIDO OPOSTO', 7, 191.54);
INSERT INTO infracao (descricao, pontos, valor) VALUES ('DEIXAR DE GUARDAR DIST LAT E FRONTAL ENTRE VEIC OU BORDO', 5, 127.69);
INSERT INTO infracao (descricao, pontos, valor) VALUES ('TRANSITAR C/ O VEIC EM CALCADAS, PASSEIOS, PASSARELAS', 7, 574.62);
INSERT INTO infracao (descricao, pontos, valor) VALUES ('TRANSITAR EM CALCADAS, PASSEIOS E PASSARELAS', 7, 574.62);
INSERT INTO infracao (descricao, pontos, valor) VALUES ('TRANSITAR EM CICLOVIAS/CICLOFAIXAS', 7, 574.62);
INSERT INTO infracao (descricao, pontos, valor) VALUES ('TRANSITAR EM AJARDINAMENTOS, GRAMADOS E JARDINS PUBLICOS', 7, 574.62);
INSERT INTO infracao (descricao, pontos, valor) VALUES ('TRANSITAR EM CANTEIRO CENTRAL/ACOSTAMENTO/MARCA CANALIZAC', 7, 574.62);
INSERT INTO infracao (descricao, pontos, valor) VALUES ('TRANSITAR EM MARCHA A RE SALVO EM PEQUENAS MANOBRAS', 5, 127.69);
INSERT INTO infracao (descricao, pontos, valor) VALUES ('DESOBEDECER ORDEM DA AUTORIDADE/AGENTE DE TRANSITO', 5, 127.69);
INSERT INTO infracao (descricao, pontos, valor) VALUES ('DEIXAR DE INDICAR MEDIANTE GESTO REALIZACAO DE MANOBRA', 5, 127.69);
INSERT INTO infracao (descricao, pontos, valor) VALUES ('NAO FAZER SINAL BRACO/LUMINOSO ANTES DE INICIAR MARCHA', 5, 127.69);
INSERT INTO infracao (descricao, pontos, valor) VALUES ('NAO FAZER SINAL BRACO/LUMINOSO ANTES DE PARAR VEICULO', 5, 127.69);
INSERT INTO infracao (descricao, pontos, valor) VALUES ('NAO FAZER SINAL BRACO/LUMINOSO ANTES DE MUDAR DE DIRECAO', 5, 127.69);
INSERT INTO infracao (descricao, pontos, valor) VALUES ('NAO FAZER SINAL BRACO/LUMINOSO ANTES DE MUDAR DE FAIXA', 5, 127.69);
INSERT INTO infracao (descricao, pontos, valor) VALUES ('DEIXAR DE DESLOCAR VEIC P/ MAIS ESQ OU DIR QDO MANOBRA', 4, 85.13);
INSERT INTO infracao (descricao, pontos, valor) VALUES ('NAO DESLOCAR VEIC C/ ANTECEDENCIA P/ MANOBRAR A ESQUERDA', 4, 85.13);
INSERT INTO infracao (descricao, pontos, valor) VALUES ('NAO DESLOCAR VEIC C/ ANTECEDENCIA P/ MANOBRAR A DIREITA', 4, 85.13);
INSERT INTO infracao (descricao, pontos, valor) VALUES ('NAO DAR PASSAGEM PELA ESQUERDA QUANDO SOLICITADO', 4, 85.13);
INSERT INTO infracao (descricao, pontos, valor) VALUES ('ULTRAPASSAR PELA DIREITA', 4, 85.13);
INSERT INTO infracao (descricao, pontos, valor) VALUES ('ULTRAPASSAR P/DIR VEIC TRANSP COL/ESC PARADO P/ EMB/DESEMB', 7, 191.54);
INSERT INTO infracao (descricao, pontos, valor) VALUES ('NAO GUARDAR DISTANCIA LATERAL AO ULTRAPASSAR BICICLETA', 4, 85.13);
INSERT INTO infracao (descricao, pontos, valor) VALUES ('ULTRAPASSAR VEICULO PELO ACOSTAMENTO', 5, 127.69);
INSERT INTO infracao (descricao, pontos, valor) VALUES ('ULTRAPASSAR VEICULO EM INTERSECOES E PASSAGENS DE NIVEL', 5, 127.69);
INSERT INTO infracao (descricao, pontos, valor) VALUES ('ULTRAPASSAR PELA CONTRAMAO VEIC NAS CURVAS S/ VISIBILIDADE', 7, 191.54);
INSERT INTO infracao (descricao, pontos, valor) VALUES ('ULTRAPASSAR PELA CONTRAMAO EM CURVA SEM VISIBILIDADE', 7, 191.54);
INSERT INTO infracao (descricao, pontos, valor) VALUES ('ULTREPASSAR P/CONTRAMAO EM ACLIVE/DECLIVE S/VISIBILIDADE', 7, 191.54);
INSERT INTO infracao (descricao, pontos, valor) VALUES ('ULTRAPASSAR PELA CONTRAMAO NA FAIXA DE PEDESTRES', 7, 191.54);
INSERT INTO infracao (descricao, pontos, valor) VALUES ('ULTRAPASSAR PELA CONTRAMAO VEIC NAS PONTES, VIADUTOS, ETC', 7, 191.54);
INSERT INTO infracao (descricao, pontos, valor) VALUES ('ULTRAPASSAR PELA CONTRAMAO EM PONTES', 7, 191.54);
INSERT INTO infracao (descricao, pontos, valor) VALUES ('ULTRAPASSAR PELA CONTRAMAO EM VIADUTOS', 7, 191.54);
INSERT INTO infracao (descricao, pontos, valor) VALUES ('ULTRAPASSAR PELA CONTRAMAO EM TUNEIS', 7, 191.54);
INSERT INTO infracao (descricao, pontos, valor) VALUES ('ULTRAP PELA CONTRAMAO VEIC PARADO EM FILA, JUNTO A SINALIZ', 7, 191.54);
INSERT INTO infracao (descricao, pontos, valor) VALUES ('ULTRAPASSAR P/CONTRAMAO VEICULO PARADO JUNTO A SEMAFORO', 7, 191.54);
INSERT INTO infracao (descricao, pontos, valor) VALUES ('ULTRAPASSAR P/CONTRAMAO VEICULO PARADO JUNTO A PORTEIRA', 7, 191.54);
INSERT INTO infracao (descricao, pontos, valor) VALUES ('ULTRAPASSAR P/CONTRAMAO VEICULO PARADO JUNTO A CANCELA', 7, 191.54);
INSERT INTO infracao (descricao, pontos, valor) VALUES ('ULTRAPASSAR P/CONTRAMAO VEICULO PARADO JUNTO A CRUZAMENTO', 7, 191.54);
INSERT INTO infracao (descricao, pontos, valor) VALUES ('ULTRAPASSAR P/CONTRAMAO VEICULO PARADO IMPEDINDO LIVRE CIR', 7, 191.54);
INSERT INTO infracao (descricao, pontos, valor) VALUES ('ULTRAPASSAR SOBRE LINHA DUPLA/SIMPLES AMARELA CONTINUA', 7, 191.54);
INSERT INTO infracao (descricao, pontos, valor) VALUES ('NAO PARAR NO ACOSTAMENTO A DIR P/CRUZAR A PISTA A ESQUERDA', 5, 127.69);
INSERT INTO infracao (descricao, pontos, valor) VALUES ('ULTRAPASSAR VEICULO DE CORTEJO/DESFILE/FORMACOES MILITARES', 3, 53.2);
INSERT INTO infracao (descricao, pontos, valor) VALUES ('EXECUTAR RETORNO EM LOCAL PROIBIDO PELA SINALIZACAO', 7, 191.54);
INSERT INTO infracao (descricao, pontos, valor) VALUES ('EXECUTAR OPERACAO DE RETORNO NAS CURVAS, ACLIVES, ETC', 7, 191.54);
INSERT INTO infracao (descricao, pontos, valor) VALUES ('EXECUTAR RETORNO EM CURVA', 7, 191.54);
INSERT INTO infracao (descricao, pontos, valor) VALUES ('EXECUTAR RETORNO EM ACLIVE/DECLIVE', 7, 191.54);
INSERT INTO infracao (descricao, pontos, valor) VALUES ('EXECUTAR RETORNO EM PONTES/VIADUTOS/TUNEIS', 7, 191.54);
INSERT INTO infracao (descricao, pontos, valor) VALUES ('RETORNAR SOBRE CALCADA/CANTEIRO/JARDIM/FAIXA PEDESTRE', 7, 191.54);
INSERT INTO infracao (descricao, pontos, valor) VALUES ('RETORNAR EM INTERSECOES PELA CONTRAMAO DA TRANSVERSAL', 7, 191.54);
INSERT INTO infracao (descricao, pontos, valor) VALUES ('EXECUTAR OPERACAO DE RETORNO C/ PREJUIZO DA SEGURANCA', 7, 191.54);
INSERT INTO infracao (descricao, pontos, valor) VALUES ('EXECUTAR RETORNO COM PREJUIZO DA LIVRE CIRCULACAO', 7, 191.54);
INSERT INTO infracao (descricao, pontos, valor) VALUES ('EXECUTAR RETORNO COM PREJUIZO DA SEGURANCA', 7, 191.54);
INSERT INTO infracao (descricao, pontos, valor) VALUES ('EXECUTAR OPER DE CONVERSAO A DIR OU A ESQ LOCAIS PROIBIDOS', 5, 127.69);
INSERT INTO infracao (descricao, pontos, valor) VALUES ('EXECUTAR CONVERSAO A DIREITA EM LOCAL PROIBIDO', 5, 127.69);
INSERT INTO infracao (descricao, pontos, valor) VALUES ('EXECUTAR CONVERSAO A ESQUERDA EM LOCAL PROIBIDO', 5, 127.69);
INSERT INTO infracao (descricao, pontos, valor) VALUES ('AVANCAR O SINAL VERMELHO DO SEMAFORO', 7, 191.54);
INSERT INTO infracao (descricao, pontos, valor) VALUES ('AVANCAR O SINAL DE PARADA OBRIGATORIA', 7, 191.54);
INSERT INTO infracao (descricao, pontos, valor) VALUES ('AVANCAR O SINAL VERMELHO DO SEMAFORO – FISCALIZAÇÃO ELETRONICA', 7, 191.54);
INSERT INTO infracao (descricao, pontos, valor) VALUES ('TRANSPOR BLOQUEIO VIARIO COM OU SEM SINALIZACAO OU DISPOSITIVOS AUXILIARES', 5, 127.69);
INSERT INTO infracao (descricao, pontos, valor) VALUES ('DEIXAR DE ADENTRAR AS AREAS DESTINADAS A PESAGEM DE VEICULOS', 5, 127.69);
INSERT INTO infracao (descricao, pontos, valor) VALUES ('EVADIR-SE SEM PAGAR PEDAGIO', 5, 127.69);
INSERT INTO infracao (descricao, pontos, valor) VALUES ('TRANSPOR BLOQUEIO VIARIO POLICIAL', 7, 191.54);
INSERT INTO infracao (descricao, pontos, valor) VALUES ('ULTRAPASSAR VEICULOS MOTORIZADOS EM FILA, PARADOS EM RAZAO DE SINAL LUMINOSO', 5, 127.69);
INSERT INTO infracao (descricao, pontos, valor) VALUES ('ULTRAPASSAR VEICULOS MOTORIZADOS EM FILA, PARADOS EM RAZAO DE CANCELA', 5, 127.69);
INSERT INTO infracao (descricao, pontos, valor) VALUES ('ULTRAPASSAR VEICULOS MOTORIZADOS EM FILA, PARADOS EM RAZAO DE BLOQUEIO VIARIO PARCIAL', 5, 127.69);
INSERT INTO infracao (descricao, pontos, valor) VALUES ('ULTRAPASSAR VEICULOS MOTORIZADOS EM FILA, PARADOS EM RAZAO DE QUALQUER BLOQUEIO', 5, 127.69);
INSERT INTO infracao (descricao, pontos, valor) VALUES ('NAO PARAR ANTES DE TRANSPOR LINHA FERREA', 7, 191.54);
INSERT INTO infracao (descricao, pontos, valor) VALUES ('NAO PARAR QUANDO INTERCEPTADO POR AGRUPAMENTOS DE PESSOAS', 7, 191.54);
INSERT INTO infracao (descricao, pontos, valor) VALUES ('NAO PARAR QUANDO INTERCEPTADO POR AGRUPAMENTOS DE VEICULOS', 5, 127.69);
INSERT INTO infracao (descricao, pontos, valor) VALUES ('DEIXAR DE DAR PREFERENCIA EM FAIXA DESTINADA A PEDESTRE', 7, 191.54);
INSERT INTO infracao (descricao, pontos, valor) VALUES ('NAO DAR PREFERENCIA A PEDESTRES NA FAIXA DESTINADA', 7, 191.54);
INSERT INTO infracao (descricao, pontos, valor) VALUES ('NAO DAR PREF A VEIC NAO MOTORIZADO NA FAIXA DESTINADA', 7, 191.54);
INSERT INTO infracao (descricao, pontos, valor) VALUES ('DEIXAR DE DAR PREF A PEDESTRE QUE NAO CONCLUIU TRAVESSIA', 7, 191.54);
INSERT INTO infracao (descricao, pontos, valor) VALUES ('NAO DAR PREFERENCIA A PEDESTRE QUE NAO CONCLUI TRAVESSIA', 7, 191.54);
INSERT INTO infracao (descricao, pontos, valor) VALUES ('NAO DAR PREFERENCIA A VEIC NAO MOTORIZADO NAO CONCLUIU TRA', 7, 191.54);
INSERT INTO infracao (descricao, pontos, valor) VALUES ('DEIXAR DE DAR PREFER A PEDESTRE PORTADOR DEFIC FISICA', 7, 191.54);
INSERT INTO infracao (descricao, pontos, valor) VALUES ('NAO DAR PREFERENCIA A DEFICIENTE/CRIANCA/IDOSO/GESTANTE', 7, 191.54);
INSERT INTO infracao (descricao, pontos, valor) VALUES ('NAO DAR PREFERENCIA A VEIC NAO MOTOR C/DEF/CRIAN/IDOS/GEST', 7, 191.54);
INSERT INTO infracao (descricao, pontos, valor) VALUES ('DEIXAR DE DAR PREFERENCIA A PEDESTRE INICIOU TRAVESSIA', 5, 127.69);
INSERT INTO infracao (descricao, pontos, valor) VALUES ('NAO DAR PREFERENCIA A PEDESTRE QDO INICIADA TRAVESSIA', 5, 127.69);
INSERT INTO infracao (descricao, pontos, valor) VALUES ('NAO DAR PREF A VEIC NAO MOTOR QDO INICIADA TRAVESSIA', 5, 127.69);
INSERT INTO infracao (descricao, pontos, valor) VALUES ('DEIXAR DE DAR PREFERENCIA A PEDESTRE ATRAVESSANDO A VIA', 5, 127.69);
INSERT INTO infracao (descricao, pontos, valor) VALUES ('NAO DAR PREFERENCIA A PEDESTRE ATRAVESSANDO A TRANSVERSAL', 5, 127.69);
INSERT INTO infracao (descricao, pontos, valor) VALUES ('NAO DAR PREF A VEIC NAO MOTOR ATRAVESSANDO A TRANSVERSAL', 5, 127.69);
INSERT INTO infracao (descricao, pontos, valor) VALUES ('DEIXAR DE DAR PREF EM INTERSECAO NAO SINALIZ.A VEIC CIRCUL', 5, 127.69);
INSERT INTO infracao (descricao, pontos, valor) VALUES ('NAO DAR PREFERENCIA A VEIC CIRC POR RODOVIA/ROTATORIA', 5, 127.69);
INSERT INTO infracao (descricao, pontos, valor) VALUES ('NAO DAR PREFERENCIA A VEIC VINDO DA DIREITA', 5, 127.69);
INSERT INTO infracao (descricao, pontos, valor) VALUES ('NAO DAR PREF SINALIZADA DE PREFERENCIA', 5, 127.69);
INSERT INTO infracao (descricao, pontos, valor) VALUES ('ENTRAR SAIR DE AREAS LINDEIRAS S/PREOCUPACAO C/A SEGURANCA', 4, 85.13);
INSERT INTO infracao (descricao, pontos, valor) VALUES ('ENTRAR/SAIR FILA ESTAC S/DAR PREF PASSAGEM', 4, 85.13);
INSERT INTO infracao (descricao, pontos, valor) VALUES ('TRANS VELOC SUP MAX PERM P/ROD TRAN RAP/ARTERIAL ATE 20%', 5, 127.69);
INSERT INTO infracao (descricao, pontos, valor) VALUES ('TRANS VELOC SUP MAX PERM P/ROD TRAN RAP/ARTERIAL MAIS 20%', 7, 574.62);
INSERT INTO infracao (descricao, pontos, valor) VALUES ('TRANS VELOC SUP MAX PERM P/VIA EM ATE 50%', 5, 127.69);
INSERT INTO infracao (descricao, pontos, valor) VALUES ('TRANS VELOC SUP MAX PERM P/VIA EM MAIS DE 50%', 7, 574.62);
INSERT INTO infracao (descricao, pontos, valor) VALUES ('TRANSITAR COM VELOC INFERIOR A METADE DA MAX P/A VIA', 4, 85.13);
INSERT INTO infracao (descricao, pontos, valor) VALUES ('VELOCIDADE INCOMPATIVEL PROX PASSEATAS, DESFILES ETCS', 7, 191.54);
INSERT INTO infracao (descricao, pontos, valor) VALUES ('VELOCIDADE INCOMPATIVEL EM LOCAL CONTROLADO POR AGENTE', 5, 127.69);
INSERT INTO infracao (descricao, pontos, valor) VALUES ('VELOCIDADE INCOMPATIVEL PROX DA GUIA OU ACOSTAMENTO', 5, 127.69);
INSERT INTO infracao (descricao, pontos, valor) VALUES ('VELOCIDADE INCOMPATIVEL EM INTERSECAO NAO SINALIZADA', 5, 127.69);
INSERT INTO infracao (descricao, pontos, valor) VALUES ('VELOCIDADE INCOMPATIVEL NAS VIAS RURAIS', 5, 127.69);
INSERT INTO infracao (descricao, pontos, valor) VALUES ('VELOCIDADE INCOMPATIVEL EM CURVAS DE PEQUENO RAIO', 5, 127.69);
INSERT INTO infracao (descricao, pontos, valor) VALUES ('VELOCIDADE INCOMPATIVEL PROX OBRA/TRABALHADOR NA PISTA', 5, 127.69);
INSERT INTO infracao (descricao, pontos, valor) VALUES ('VELOCIDADE INCOMPATIVEL SOB CHUVA/NEBLINA/VENTO FORTE', 5, 127.69);
INSERT INTO infracao (descricao, pontos, valor) VALUES ('VELOCIDADE INCOMPATIVEL QUANDO HOUVER MA VISIBILIDADE', 5, 127.69);
INSERT INTO infracao (descricao, pontos, valor) VALUES ('VELOCIDADE INCOMPATIVEL QDO PAV ESCORREGADIO/DEFEITUOSO', 5, 127.69);
INSERT INTO infracao (descricao, pontos, valor) VALUES ('VELOCIDADE INCOMPATIVEL A APROXIMACAO DE ANIMAIS NA PISTA', 5, 127.69);
INSERT INTO infracao (descricao, pontos, valor) VALUES ('VELOCIDADE INCOMPATIVEL EM DECLIVE', 5, 127.69);
INSERT INTO infracao (descricao, pontos, valor) VALUES ('VELOCIDADE INCOMPATIVEL AO ULTRAPASSAR CICLISTA', 5, 127.69);
INSERT INTO infracao (descricao, pontos, valor) VALUES ('DEIXAR DE REDUZIR VELOC PROXIMO A ESCOLAS, ETC', 7, 191.54);
INSERT INTO infracao (descricao, pontos, valor) VALUES ('VELOCIDADE INCOMPATIVEL PROX A ESCOLAS', 7, 191.54);
INSERT INTO infracao (descricao, pontos, valor) VALUES ('VELOCIDADE INCOMPATIVEL PROX A HOSPITAIS', 7, 191.54);
INSERT INTO infracao (descricao, pontos, valor) VALUES ('VELOCIDADE INCOMPATIVEL PROX ESTACAO DE EMB/DESEMB PASSAG', 7, 191.54);
INSERT INTO infracao (descricao, pontos, valor) VALUES ('VELOCIDADE INCOMPATIVEL A INTENSA MOVIMENTACAO PEDESTRE', 7, 191.54);
INSERT INTO infracao (descricao, pontos, valor) VALUES ('PORTAR NO VEIC PLACAS EM DESACORDO C/ MODELOS CONTRAN', 4, 85.13);
INSERT INTO infracao (descricao, pontos, valor) VALUES ('CONFECCIONAR,DISTRIBUIR PLACAS EM DESACORDO C/CONTRAN', 4, 85.13);
INSERT INTO infracao (descricao, pontos, valor) VALUES ('DEIXAR MANTER LIGADO EM SITUACOES EMERG A ILUMINACAO', 4, 85.13);
INSERT INTO infracao (descricao, pontos, valor) VALUES ('TRANSITAR COM LUZ ALTA PERTURBANDO VISAO DE CONDUTOR', 5, 127.69);
INSERT INTO infracao (descricao, pontos, valor) VALUES ('FAZER USO DE LUZ ALTA EM VIAS PROVIDAS DE ILUMIN PUBLICA', 3, 53.2);
INSERT INTO infracao (descricao, pontos, valor) VALUES ('NAO SINALIZAR VIA VEIC P/REMOCAO OU PERM NO ACOSTAMENTO', 5, 127.69);
INSERT INTO infracao (descricao, pontos, valor) VALUES ('NAO SINALIZAR VIA VEIC P/REMOCAO OU PERM NO ACOSTAMENTO', 5, 127.69);
INSERT INTO infracao (descricao, pontos, valor) VALUES ('NAO RETIRAR OBJETO PARA SINALIZACAO TEMPORARIA DA VIA', 4, 85.13);
INSERT INTO infracao (descricao, pontos, valor) VALUES ('USAR BUZINA PROLONGADA/SUCESSIVAMENTE A QUALQUER PRETEXTO', 3, 53.2);
INSERT INTO infracao (descricao, pontos, valor) VALUES ('USAR BUZINA NAO COMO ADVERTENCIA A PEDESTRES/CONDUTORES', 3, 53.2);
INSERT INTO infracao (descricao, pontos, valor) VALUES ('USAR BUZINA ENTRE AS 22H E 6H', 3, 53.2);
INSERT INTO infracao (descricao, pontos, valor) VALUES ('USAR BUZINA EM LOCAL/HORA PROIBIDOS PELA SINALIZACAO', 3, 53.2);
INSERT INTO infracao (descricao, pontos, valor) VALUES ('USAR BUZINA EM DES C/PADROES ESTABELECIDOS PELO CONTRAN', 3, 53.2);
INSERT INTO infracao (descricao, pontos, valor) VALUES ('USAR NO VEIC SOM EM VOLUME E FREQUENCIA NAO AUTORIZ', 5, 127.69);
INSERT INTO infracao (descricao, pontos, valor) VALUES ('USAR INDEV NO VEIC APARELHO PERTUBE SOSSEGO PUBLICO', 4, 85.13);
INSERT INTO infracao (descricao, pontos, valor) VALUES ('CONDUZIR O VEIC C/ O LACRE, ETC OU OUTRO ELEM VIOLADO', 7, 191.54);
INSERT INTO infracao (descricao, pontos, valor) VALUES ('CONDUZIR O VEIC TRANSP PASSAGEIROS COMPART DE CARGA', 7, 191.54);
INSERT INTO infracao (descricao, pontos, valor) VALUES ('CONDUZIR O VEIC COM DISPOSITIVO ANTI-RADAR', 7, 191.54);
INSERT INTO infracao (descricao, pontos, valor) VALUES ('CONDUZIR VEIC SEM QUALQUER UMA DAS PLACAS DE IDENTIFICACAO', 7, 191.54);
INSERT INTO infracao (descricao, pontos, valor) VALUES ('CONDUZIR O VEIC NAO REGISTRADO E DEVIDAM LICENCIADO', 7, 191.54);
INSERT INTO infracao (descricao, pontos, valor) VALUES ('CONDUZIR VEIC C/QUALQUER UMA PLACA S/CONDICOES LEGIBILIDAD', 7, 191.54);
INSERT INTO infracao (descricao, pontos, valor) VALUES ('CONDUZIR O VEIC COM A COR OU CARACTERISTICA ALTERADA', 5, 127.69);
INSERT INTO infracao (descricao, pontos, valor) VALUES ('CONDUZIR O VEIC SEM INSPECAO DE SEGURANCA VEICULAR', 5, 127.69);
INSERT INTO infracao (descricao, pontos, valor) VALUES ('CONDUZIR O VEIC S/ EQUIPAMENTO OBRIGATORIO OU INEFICIENTE', 5, 127.69);
INSERT INTO infracao (descricao, pontos, valor) VALUES ('CONDUZIR O VEIC C/ EQUIP OBRIGATORIO EM DESACORDO', 5, 127.69);
INSERT INTO infracao (descricao, pontos, valor) VALUES ('CONDUZIR VEIC C/ DESCARGA LIVRE OU SILENCIADOR C/ DEFEITO', 5, 127.69);
INSERT INTO infracao (descricao, pontos, valor) VALUES ('CONDUZIR O VEIC C/ EQUIPAMENTO OU ACESSORIO PROIBIDO', 5, 127.69);
INSERT INTO infracao (descricao, pontos, valor) VALUES ('CONDUZIR O VEIC C/ EQUIPAM. ILUMINACAO E SINALIZ ALTERADO', 5, 127.69);
INSERT INTO infracao (descricao, pontos, valor) VALUES ('CONDUZIR O VEIC C/ REGISTRADOR INALTERAVEL VELOCIDADE', 5, 127.69);
INSERT INTO infracao (descricao, pontos, valor) VALUES ('CONDUZIR O VEIC C/ INSCRICOES, ETC AFIXADOS NO PARA-BRISA', 5, 127.69);
INSERT INTO infracao (descricao, pontos, valor) VALUES ('CONDUZIR O VEIC C/ VIDROS COBERTOS POR PINTURAS, PAINEIS', 5, 127.69);
INSERT INTO infracao (descricao, pontos, valor) VALUES ('CONDUZIR O VEIC C/ CORTINAS OU PERSIANAS FECHADAS', 5, 127.69);
INSERT INTO infracao (descricao, pontos, valor) VALUES ('CONDUZIR O VEIC EM MAU ESTADO DE CONSERVACAO', 5, 127.69);
INSERT INTO infracao (descricao, pontos, valor) VALUES ('CONDUZIR O VEIC S/ ACIONAR LIMPADOR SOB CHUVA', 5, 127.69);
INSERT INTO infracao (descricao, pontos, valor) VALUES ('CONDUZIR O VEICS/ AUTORIZ P/ CONDUCAO DE ESCOLARES', 5, 127.69);
INSERT INTO infracao (descricao, pontos, valor) VALUES ('CONDUZIR O VEIC DE CARGA C/ FALTA DE INSCRICAO DA TARA', 4, 85.13);
INSERT INTO infracao (descricao, pontos, valor) VALUES ('CONDUZIR O VEIC C/ DEFEITO NO SISTEMA DE ILUMINACAO, ETC', 4, 85.13);
INSERT INTO infracao (descricao, pontos, valor) VALUES ('TRANSITAR DANIFICANDO A VIA, INSTALACOES, E EQUIPAMENTOS', 7, 191.54);
INSERT INTO infracao (descricao, pontos, valor) VALUES ('TRANS DERRAMANDO/LANCANDO/ARRASTANDO CARGA TRANSPORTADA', 7, 191.54);
INSERT INTO infracao (descricao, pontos, valor) VALUES ('TRANS DERRAMANDO/LANCANDO/ARRASTANDO COMBUSTIVEL', 7, 191.54);
INSERT INTO infracao (descricao, pontos, valor) VALUES ('TRANS DERRAMANDO/LANCANDO/ARRASTANDO QUALQUER OBJETO', 7, 191.54);
INSERT INTO infracao (descricao, pontos, valor) VALUES ('TRANSITAR PROD FUMACA ACIMA PERMITIDO PELO CONTRAN', 5, 127.69);
INSERT INTO infracao (descricao, pontos, valor) VALUES ('TRANSITAR C/ VEIC C/ DIMENSOES OU CARGA SUP A LEGISLACAO', 5, 127.69);
INSERT INTO infracao (descricao, pontos, valor) VALUES ('TRANS C/VEICULO C/ALTURA ACIMA DA PERMITIDA', 5, 127.69);
INSERT INTO infracao (descricao, pontos, valor) VALUES ('TRANS C/VEICULO C/LARGURA SUPERIOR A PERMITIDA', 5, 127.69);
INSERT INTO infracao (descricao, pontos, valor) VALUES ('TRANS C/VEICULO DE COMPRIMENTO ACIMA DO PERMITIDO', 5, 127.69);
INSERT INTO infracao (descricao, pontos, valor) VALUES ('TRANSITAR C/ O VEIC C/ EXCESSO DE PESO', 4, 85.13);
INSERT INTO infracao (descricao, pontos, valor) VALUES ('TRANSITAR COM O VEICULO COM EXCESSO DE PESO ATE 600KG', 4, 85.13);
INSERT INTO infracao (descricao, pontos, valor) VALUES ('TRANS COM O VEICULO COM EXCESSO DE PESO DE 601 A 800KG', 4, 85.13);
INSERT INTO infracao (descricao, pontos, valor) VALUES ('TRANS COM O VEICULO COM EXCESSO DE PESO DE 801 A 1000KG', 4, 85.13);
INSERT INTO infracao (descricao, pontos, valor) VALUES ('TRANS COM O VEICULO COM EXCESSO DE PESO DE 1001 A 3000KG', 4, 85.13);
INSERT INTO infracao (descricao, pontos, valor) VALUES ('TRANS COM O VEICULO COM EXCESSO DE PESO DE 3001 A 5000KG', 4, 85.13);
INSERT INTO infracao (descricao, pontos, valor) VALUES ('TRANS COM O VEICULO COM EXCESSO DE PESO ACIMA DE 5000KG', 4, 85.13);
INSERT INTO infracao (descricao, pontos, valor) VALUES ('TRANSITAR EM DESACORDO C/ AUTORIZACAO ESPECIAL SUPERDIMENS', 5, 127.69);
INSERT INTO infracao (descricao, pontos, valor) VALUES ('TRANS COM LOTACAO EXCEDENTE', 4, 85.13);
INSERT INTO infracao (descricao, pontos, valor) VALUES ('EFETUAR TRANSP REMUNERADO DE PESSOAS/BENS S/LICENCA', 4, 85.13);
INSERT INTO infracao (descricao, pontos, valor) VALUES ('TRANS C/ VEIC DESLIGADO OU DESENGRENADO EM DECLIVE', 4, 85.13);
INSERT INTO infracao (descricao, pontos, valor) VALUES ('TRANS C/VEIC ACIMA DA CAPACIDADE MAX DE TRACAO-MEDIA', 4, 85.13);
INSERT INTO infracao (descricao, pontos, valor) VALUES ('TRANS C/VEIC ACIMA DA CAPACIDADE MAX DE TRACAO-GRAVE', 5, 127.69);
INSERT INTO infracao (descricao, pontos, valor) VALUES ('TRANS C/VEIC ACIMA DA CAPACIDADE MAX DE TRACAO-GRAVISSIMA', 7, 191.54);
INSERT INTO infracao (descricao, pontos, valor) VALUES ('CONDUZIR O VEIC S/ OS DOCUMENTOS DE PORTE OBRIGATORIO', 3, 53.2);
INSERT INTO infracao (descricao, pontos, valor) VALUES ('DEIXAR DE EFETUAR REGISTRO DE VEIC NO PRAZO DE 30 DIAS', 5, 127.69);
INSERT INTO infracao (descricao, pontos, valor) VALUES ('FALSIFICAR OU ADULTERAR DOC. DE HABILITACAO OU DO VEICULO', 7, 191.54);
INSERT INTO infracao (descricao, pontos, valor) VALUES ('CONDUZIR PESSOAS OU CARGA EM PARTES EXTERNAS DO VEIC', 5, 127.69);
INSERT INTO infracao (descricao, pontos, valor) VALUES ('REBOCAR OUTRO VEICULO COM CABO FLEXIVEL OU CORDA', 4, 85.13);
INSERT INTO infracao (descricao, pontos, valor) VALUES ('TRANSITAR C/ VEIC DESACORDO C/ ESPECIFE FALTA INSCRICAO', 5, 127.69);
INSERT INTO infracao (descricao, pontos, valor) VALUES ('RECUSAR-SE ENTREGAR A AUTORIDADE OS DOCUMENTOS', 7, 191.54);
INSERT INTO infracao (descricao, pontos, valor) VALUES ('RETIRAR S/PERMISSAO VEICULO RETIDO P/AUTORIDADE/AGENTE', 7, 191.54);
INSERT INTO infracao (descricao, pontos, valor) VALUES ('DEIXAR DE PROMOVER BAIXA REGISTRO VEIC IRRECUPERAVEL', 5, 127.69);
INSERT INTO infracao (descricao, pontos, valor) VALUES ('DEIXAR DE ATUALIZAR CADASTRO DE HABILITACAO OU DO VEICULO', 3, 53.2);
INSERT INTO infracao (descricao, pontos, valor) VALUES ('FAZER FALSA DECLARACAO DOMICILIO FINS REGISTRO DA CNH', 7, 191.54);
INSERT INTO infracao (descricao, pontos, valor) VALUES ('DEIXAR A SEGURADORA DE COMUNICAR ORGAO TRANS PERDA TOTAL', 5, 127.69);
INSERT INTO infracao (descricao, pontos, valor) VALUES ('CONDUZIR MOTOCICLETA, ETC S/ USAR CAPACETE SEGURANCA', 7, 191.54);
INSERT INTO infracao (descricao, pontos, valor) VALUES ('COND MOTOCICLETA, MOTONETA E CICLOMOTOR SEM USAR CAPACETE', 7, 191.54);
INSERT INTO infracao (descricao, pontos, valor) VALUES ('COND MOTO/MOTONETA/CICLOMOTOR SEM VESTUARIO DE ACORDO', 7, 191.54);
INSERT INTO infracao (descricao, pontos, valor) VALUES ('CONDUZIR MOTOCICLETA, ETC TRANSPORTANDO PASSAG S/ CAPACETE', 7, 191.54);
INSERT INTO infracao (descricao, pontos, valor) VALUES ('COND MOTO/MOTONETA/CICLOMOTOR C/PASS SEM USAR CAPACETE', 7, 191.54);
INSERT INTO infracao (descricao, pontos, valor) VALUES ('COND MOTO/MOTONETA/CICLOMOTOR C/PASS FORA ASSENTO', 7, 191.54);
INSERT INTO infracao (descricao, pontos, valor) VALUES ('CONDUZIR MOTOCICLETA, ETC FAZENDO MALABARISMOS', 7, 191.54);
INSERT INTO infracao (descricao, pontos, valor) VALUES ('CONDUZIR MOTOCICLETA, ETC COM OS FAROIS APAGADOS', 7, 191.54);
INSERT INTO infracao (descricao, pontos, valor) VALUES ('CONDUZIR MOTOCICLETA, ETC TRANSP CRIANCA MENOR 7 ANOS', 7, 191.54);
INSERT INTO infracao (descricao, pontos, valor) VALUES ('CONDUZIR MOTOCICLETA, ETC REBOCANDO OUTRO VEICULO', 4, 85.13);
INSERT INTO infracao (descricao, pontos, valor) VALUES ('CONDUZIR MOTOCICLETA, ETC SEM SEGURAR O GUIDOM', 4, 85.13);
INSERT INTO infracao (descricao, pontos, valor) VALUES ('CONDUZIR MOTOCICLETA, ETC TRANSP CARGA INCOMPATIVEL', 4, 85.13);
INSERT INTO infracao (descricao, pontos, valor) VALUES ('P/ CICLOS CONDUZIR PASSAGEIRO FORA DA GARUPA OU ASSENTO', 4, 85.13);
INSERT INTO infracao (descricao, pontos, valor) VALUES ('P/ CICLOS TRANSITAR VIAS TRANSITO RAPIDO/RODOVIAS', 4, 85.13);
INSERT INTO infracao (descricao, pontos, valor) VALUES ('P/ CICLOS TRANSPORTAR CRIANCAS NAO TENHAM CONDICOES SEG', 4, 85.13);
INSERT INTO infracao (descricao, pontos, valor) VALUES ('UTILIZAR A VIA P/DEPOSITO DE MERCADORIAS/EQUIPAMENTOS', 5, 127.69);
INSERT INTO infracao (descricao, pontos, valor) VALUES ('NAO SINALIZAR OBSTACULOS A LIVRE CIRCULACAO VEIC/PEDESTRE', 7, 191.54);
INSERT INTO infracao (descricao, pontos, valor) VALUES ('NAO SINALIZAR OBSTACULOS LIVRE CIRC VEIC/PEDESTRE 2X', 7, 383.07);
INSERT INTO infracao (descricao, pontos, valor) VALUES ('NAO SINALIZAR OBSTACULOS LIVRE CIRC VEIC/PEDESTRE 3X', 7, 574.62);
INSERT INTO infracao (descricao, pontos, valor) VALUES ('NAO SINALIZAR OBSTACULOS LIVRE CIRC VEIC/PEDESTRE 4X', 7, 766.15);
INSERT INTO infracao (descricao, pontos, valor) VALUES ('NAO SINALIZAR OBSTACULOS LIVRE CIRC VEIC/PEDESTRE 5X', 7, 957.7);
INSERT INTO infracao (descricao, pontos, valor) VALUES ('NAO COND P/BORDO DA PISTA VEIC PROP HUMANA/TRACAO ANIMAL', 4, 85.13);
INSERT INTO infracao (descricao, pontos, valor) VALUES ('TRANSPORTAR EM VEIC DE PASSAGEIROS CARGA EXCEDENTE', 5, 127.69);
INSERT INTO infracao (descricao, pontos, valor) VALUES ('DEIXAR DE ACENDER NOITE LUZES QDO VEICPARADO P/EMBARQUE', 4, 85.13);
INSERT INTO infracao (descricao, pontos, valor) VALUES ('QDO VEIC EM MOVIM NAO ACENDER LUZ BAIXA A NOITE', 4, 85.13);
INSERT INTO infracao (descricao, pontos, valor) VALUES ('QDO VEIC EM MOVIM NAO ACENDER LUZ BAIXA DE DIA TUNEIS', 4, 85.13);
INSERT INTO infracao (descricao, pontos, valor) VALUES ('QDO VEIC TRANSP COLETIVO EM MOVIM NAO ACENDER LUZ BAIXA', 4, 85.13);
INSERT INTO infracao (descricao, pontos, valor) VALUES ('QDO VEIC CICLOMOTORES EM MOVIM NAO ACENDER LUZ BAIXA', 4, 85.13);
INSERT INTO infracao (descricao, pontos, valor) VALUES ('QDO VEIC EM MOVIMENTO, NAO ACENDER LUZES SOB CHUVA, ETC', 4, 85.13);
INSERT INTO infracao (descricao, pontos, valor) VALUES ('DEIXAR DE MANTER ACESA A PLACA TRASEIRA ILUMINADA A NOITE', 4, 85.13);
INSERT INTO infracao (descricao, pontos, valor) VALUES ('UTILIZAR PISCA-ALERTA, EXCETO IMOBILIZACAO OU EMERGENCIA', 4, 85.13);
INSERT INTO infracao (descricao, pontos, valor) VALUES ('UTILIZAR LUZES DO VEIC INTERMITENTE EXCETO P/ ULTRAPASSAR', 4, 85.13);
INSERT INTO infracao (descricao, pontos, valor) VALUES ('DIRIGIR O VEICULO COM O BRACO DO LADO DE FORA', 4, 85.13);
INSERT INTO infracao (descricao, pontos, valor) VALUES ('DIRIGIR VEIC TRANSPORTANDO PESSOAS, ANIMAIS A SUA ESQ', 4, 85.13);
INSERT INTO infracao (descricao, pontos, valor) VALUES ('DIRIGIR VEIC C/ INCAPACIDADE FISICA OU MENTAL TEMPORARIA', 4, 85.13);
INSERT INTO infracao (descricao, pontos, valor) VALUES ('DIRIGIR VEIC. USANDO CALCADO QUE COMPROMETA UTILIZ PEDAIS', 4, 85.13);
INSERT INTO infracao (descricao, pontos, valor) VALUES ('DIRIGIR O VEICULO COM APENAS UMA DAS MAOS', 4, 85.13);
INSERT INTO infracao (descricao, pontos, valor) VALUES ('DIRIGIR O VEICULO UTILIZANDO-SE DE FONES, TELEFONE CELULAR', 4, 85.13);
INSERT INTO infracao (descricao, pontos, valor) VALUES ('DIRIGIR VEICULO UTILIZANDO-SE DE FONES NOS OUVIDOS', 4, 85.13);
INSERT INTO infracao (descricao, pontos, valor) VALUES ('DIRIGIR VEICULO UTILIZANDO-SE DE TELEFONE CELULAR', 4, 85.13);
INSERT INTO infracao (descricao, pontos, valor) VALUES ('BLOQUEAR A VIA COM VEICULO', 7, 191.54);
INSERT INTO infracao (descricao, pontos, valor) VALUES ('PROIBIDO AO PEDESTRE PERMANECER/ANDAR NA PISTA', 3, 26.6);
INSERT INTO infracao (descricao, pontos, valor) VALUES ('PROIBIDO AO PEDESTRE CRUZAR PISTA EM VIADUTO/PONTE/TUNEL', 3, 26.6);
INSERT INTO infracao (descricao, pontos, valor) VALUES ('PROIBIDO AO PEDESTRE ATRAVESSAR VIA NA AREA DE CRUZAMENTO', 3, 26.6);
INSERT INTO infracao (descricao, pontos, valor) VALUES ('PROIBIDO AO PEDESTRE UTILIZAR A VIA P/PERTURBAR O TRANSITO', 3, 26.6);
INSERT INTO infracao (descricao, pontos, valor) VALUES ('PROIBIDO PEDESTRE ANDAR FORA FAIXA PROPRIA', 3, 26.6);
INSERT INTO infracao (descricao, pontos, valor) VALUES ('PROIBIDO PEDESTRE DESOB SINALIZACAO DE TRAN ESPECIFICA', 3, 26.6);
INSERT INTO infracao (descricao, pontos, valor) VALUES ('CONDUZIR BICICLETA EM LOCAL PROIBIDO OU FORMA AGRESSIVA', 4, 85.13);
INSERT INTO infracao (descricao, pontos, valor) VALUES ('TRANSP.PP CUJO DESLOC.SEJA PROIBIDO PELO MIN.TRANSPORTES', 0, 656.54);
INSERT INTO infracao (descricao, pontos, valor) VALUES ('TRANSP. PP A GRANEL QUE NAO CONSTE NO CIPP', 0, 656.54);
INSERT INTO infracao (descricao, pontos, valor) VALUES ('TRANSP. PP A GRANEL EM VEICULO COM CIPP VENCIDO', 0, 656.54);
INSERT INTO infracao (descricao, pontos, valor) VALUES ('TRANSP PESSOAS,ANIMAIS,ALIM,MEDIC,JUNTAMENTE C/PROD.PERIG.', 0, 656.54);
INSERT INTO infracao (descricao, pontos, valor) VALUES ('TRANSPORTAR PESSOAS COM PRODUTOS PERIGOSOS', 0, 656.54);
INSERT INTO infracao (descricao, pontos, valor) VALUES ('TRANSPORTAR ANIMAIS COM PRODUTOS PERIGOSOS', 0, 656.54);
INSERT INTO infracao (descricao, pontos, valor) VALUES ('TRANSP.ALIMENTOS DESTINADO AO CONS.HUMANO/ANIMAL JUNT.C/PP', 0, 656.54);
INSERT INTO infracao (descricao, pontos, valor) VALUES ('TRANSP.MEDICAMENTOS DEST AO CONS.HUMANO/ANIMAL JUNT.C/PP', 0, 656.54);
INSERT INTO infracao (descricao, pontos, valor) VALUES ('TRANSP PROD INCOMPATIVEIS ENTRE SI', 0, 656.54);
INSERT INTO infracao (descricao, pontos, valor) VALUES ('NAO DAR MANUTENCAO AO VEICULO E AO EQUIPAMENTO', 0, 328.27);
INSERT INTO infracao (descricao, pontos, valor) VALUES ('NAO DAR MANUTENCAO AO VEICULO', 0, 328.27);
INSERT INTO infracao (descricao, pontos, valor) VALUES ('NAO DAR MANUTENCAO AO EQUIPAMENTO', 0, 328.27);
INSERT INTO infracao (descricao, pontos, valor) VALUES ('ESTAC. OU PARAR EM DESACORDO COM O ARTIGO 14 DO RTPP', 0, 328.27);
INSERT INTO infracao (descricao, pontos, valor) VALUES ('ESTAC. EM DESACORDO COM O ARTIGO 14 DO RTPP', 0, 328.27);
INSERT INTO infracao (descricao, pontos, valor) VALUES ('PARAR EM DESACORDO COM O ARTIGO 14 DO RTPP', 0, 328.27);
INSERT INTO infracao (descricao, pontos, valor) VALUES ('TRANSP. PP CUJAS EMBALAGENS SE ENCONTREM EM MAS CONDICOES', 0, 328.27);
INSERT INTO infracao (descricao, pontos, valor) VALUES ('NAO ADOTAR EM ACID/AVAR. PROV.DA F.DE EMERGENC/ENV.TRANSP.', 0, 328.27);
INSERT INTO infracao (descricao, pontos, valor) VALUES ('NAO ADOTAR EM CASO DE ACID PROV DA F DE EMERG/ENV.TRANSP', 0, 328.27);
INSERT INTO infracao (descricao, pontos, valor) VALUES ('NAO ADOTAR EM CASO DE AVARIA PROV DA F DE EMERG/ENV.TRANSP', 0, 328.27);
INSERT INTO infracao (descricao, pontos, valor) VALUES ('TRANSP.PP A GRANEL S/UTIL.TACOGR.OU C/IRREG.OU NAO APRES.', 0, 328.27);
INSERT INTO infracao (descricao, pontos, valor) VALUES ('TRANSP.PP A GRANEL S/UTIL.TACOGRAFO OU ESTE COM IRREGULAR.', 0, 328.27);
INSERT INTO infracao (descricao, pontos, valor) VALUES ('TRANSP.PP A GRANEL S/APRES.O DISCO A AUTORID.OU C/IRREG.', 0, 328.27);
INSERT INTO infracao (descricao, pontos, valor) VALUES ('TRANSPORTAR CARGA MAL ESTIVADA', 0, 131.3);
INSERT INTO infracao (descricao, pontos, valor) VALUES ('TRANSP.PP EM VEIC.SEM EQUIP.P/EMERG./EPI OU INCOMP.', 0, 131.3);
INSERT INTO infracao (descricao, pontos, valor) VALUES ('TRANSP. PP EM VEIC.SEM EQUIP.P/EMERG. OU INCOMP.', 0, 131.3);
INSERT INTO infracao (descricao, pontos, valor) VALUES ('TRANSP. PP EM VEIC.SEM EPI, OU INCOMP.', 0, 131.3);
INSERT INTO infracao (descricao, pontos, valor) VALUES ('TRANSP. PP A GRANEL SEM O CIPP', 0, 131.3);
INSERT INTO infracao (descricao, pontos, valor) VALUES ('TRANSP. PP SEM A DECLARACAO DE RESPONS.DO EXPEDIDOR NA NF', 0, 131.3);
INSERT INTO infracao (descricao, pontos, valor) VALUES ('TRANSP. PP SEM A FICHA DE EMERG.E O ENVELOPE PARA O TRANSP', 0, 131.3);
INSERT INTO infracao (descricao, pontos, valor) VALUES ('TRANSP.PP S/A FICHA DE EMERG.OU EM DESACORDO C/O DEC96044', 0, 131.3);
INSERT INTO infracao (descricao, pontos, valor) VALUES ('TRANSP.PP S/O ENV.P/O TRANSP. OU EM DESACORDO C/O DEC96044', 0, 131.3);
INSERT INTO infracao (descricao, pontos, valor) VALUES ('TRANSP PP SEM UTIL ROTULOS DE RISCO E PAINEIS DE SEGURANCA', 0, 131.3);
INSERT INTO infracao (descricao, pontos, valor) VALUES ('TRANSP PP SEM UTIL R.DE RISCOS E P.SEGUR.NAS EMBALAGENS', 0, 131.3);
INSERT INTO infracao (descricao, pontos, valor) VALUES ('TRANSP PP SEM UTIL R.DE RISCOS E P.SEGUR.NO VEICULO', 0, 131.3);
INSERT INTO infracao (descricao, pontos, valor) VALUES ('CIRCULAR EM VIAS PUBL QDO NAO PERMITIDO TRANSP PROD PERIG.', 0, 131.3);
INSERT INTO infracao (descricao, pontos, valor) VALUES ('NAO COM.IMED.A IMOBILIZ.DO VEIC.EM CASO DE EMERG/ACID/AVAR', 0, 131.3);
INSERT INTO infracao (descricao, pontos, valor) VALUES ('NAO COM.IMED.A IMOBILIZACAO DO VEIC.EM CASO DE EMERGENCIA', 0, 131.3);
INSERT INTO infracao (descricao, pontos, valor) VALUES ('NAO COM.IMED.A IMOBILIZACAO DO VEIC.EM CASO DE ACIDENTE', 0, 131.3);
INSERT INTO infracao (descricao, pontos, valor) VALUES ('NAO COM.IMED.A IMOBILIZACAO DO VEIC.EM CASO DE AVARIA', 0, 131.3);
INSERT INTO infracao (descricao, pontos, valor) VALUES ('EMBARCAR NO VEICULO PP INCOMPATIVEIS ENTRE SI', 0, 656.54);
INSERT INTO infracao (descricao, pontos, valor) VALUES ('EMB.PP QUE NAO CONSTE NO CIPP DO VEIC.E/OU EQUIP.E/OU VENC', 0, 656.54);
INSERT INTO infracao (descricao, pontos, valor) VALUES ('EMB.PP QUE NAO CONSTE NO CIPP DO VEIC.OU C/O MESMO VENCIDO', 0, 656.54);
INSERT INTO infracao (descricao, pontos, valor) VALUES ('EMB.PP QUE NAO CONSTE NO CIPP DO EQUIP.OU C/O MESMO VENCID', 0, 656.54);
INSERT INTO infracao (descricao, pontos, valor) VALUES ('EXP. NF EM DESACORDO C/ART. 22, II DO DECRETO 96044', 0, 656.54);
INSERT INTO infracao (descricao, pontos, valor) VALUES ('EXP.PP SEM ACONDICIONAM.CORRETO E C/EMBALAGENS EM MAS COND', 0, 656.54);
INSERT INTO infracao (descricao, pontos, valor) VALUES ('EXP. PP SEM ACONDICIONAMENTO CORRETO', 0, 656.54);
INSERT INTO infracao (descricao, pontos, valor) VALUES ('EXP. PP COM EMBALAGEM EM MA CONDICOES', 0, 656.54);
INSERT INTO infracao (descricao, pontos, valor) VALUES ('NAO COMP.AO LOCAL DO ACIDENTE QDO CONVOCADO PELA AUTORIDAD', 0, 656.54);
INSERT INTO infracao (descricao, pontos, valor) VALUES ('EMB.PP EM VEIC. SEM EQUIP. P/SIT.DE EMERG./EPI OU INCOMP.', 0, 328.27);
INSERT INTO infracao (descricao, pontos, valor) VALUES ('EMB.PP EM VEIC.SEM EQUIP.P/SIT.DE EMERG.OU INCOMP.', 0, 328.27);
INSERT INTO infracao (descricao, pontos, valor) VALUES ('EMB.PP EM VEIC.SEM EPI OU INCOMP.', 0, 328.27);
INSERT INTO infracao (descricao, pontos, valor) VALUES ('NAO FORN.AO TRANSP.A F.DE EMERG.E ENV.P/TRANSP OU EM DESC.', 0, 328.27);
INSERT INTO infracao (descricao, pontos, valor) VALUES ('NAO FORN.AO TRANSP.A FICHA DE EMERG.OU EM DESAC.C/DEC96044', 0, 328.27);
INSERT INTO infracao (descricao, pontos, valor) VALUES ('NAO FORN.AO TRANSP.O ENV.P/TRANSP.OU EM DESAC.C/DEC 96044', 0, 328.27);
INSERT INTO infracao (descricao, pontos, valor) VALUES ('EMB PROD PERIG EM VEIC SEM ROT DE RISCO E PAINEIS DE SEGUR', 0, 328.27);
INSERT INTO infracao (descricao, pontos, valor) VALUES ('EMB.CARGA FRACION.C/EMBAL.EXT.S/ROTULO DE RISCO OU S/CONS.', 0, 328.27);
INSERT INTO infracao (descricao, pontos, valor) VALUES ('EMBARCAR PP EM VEIC(OU EQUIP) SEM ADEQUADAS COND DE MANUT.', 0, 328.27);
INSERT INTO infracao (descricao, pontos, valor) VALUES ('NAO ESCLAREC.O SUFIC.EM SIT.DE EMERG OU ACIDENTE', 0, 328.27);
INSERT INTO infracao (descricao, pontos, valor) VALUES ('NAO ESCLAREC.O SUFIC.EM SIT.DE EMERG.QDO SOLICIT.P/AUTORID', 0, 328.27);
INSERT INTO infracao (descricao, pontos, valor) VALUES ('NAO ESCLAREC.O SUFIC.EM CASO DE ACID.QDO SOLICIT.P/AUTORID', 0, 328.27);
