/*************************************************************************************************
*
* #1 estado
*
************************************************************************************************/

Insert into estado (uf, nome) values ('AC', 'Acre');
Insert into estado (uf, nome) values ('AL', 'Alagoas');
Insert into estado (uf, nome) values ('AP', 'Amapá');
Insert into estado (uf, nome) values ('AM', 'Amazonas');
Insert into estado (uf, nome) values ('BA', 'Bahia');
Insert into estado (uf, nome) values ('CE', 'Ceará');
Insert into estado (uf, nome) values ('DF', 'Distrito Federal');
Insert into estado (uf, nome) values ('ES', 'Espírito Santo');
Insert into estado (uf, nome) values ('GO', 'Goiás');
Insert into estado (uf, nome) values ('MA', 'Maranhão');
Insert into estado (uf, nome) values ('MT', 'Mato Grosso');
Insert into estado (uf, nome) values ('MS', 'Mato Grosso do Sul');
Insert into estado (uf, nome) values ('MG', 'Minas Gerais');
Insert into estado (uf, nome) values ('PA', 'Pará');
Insert into estado (uf, nome) values ('PB', 'Paraíba');
Insert into estado (uf, nome) values ('PR', 'Paraná');
Insert into estado (uf, nome) values ('PE', 'Pernambuco');
Insert into estado (uf, nome) values ('PI', 'Piauí');
Insert into estado (uf, nome) values ('RJ', 'Rio de Janeiro');
Insert into estado (uf, nome) values ('RN', 'Rio Grande do Norte');
Insert into estado (uf, nome) values ('RS', 'Rio Grande do Sul');
Insert into estado (uf, nome) values ('RO', 'Rondônia');
Insert into estado (uf, nome) values ('RR', 'Roraima');
Insert into estado (uf, nome) values ('SC', 'Santa Catarina');
Insert into estado (uf, nome) values ('SP', 'São Paulo');
Insert into estado (uf, nome) values ('SE', 'Sergipe');
Insert into estado (uf, nome) values ('TO', 'Tocantins');

/*************************************************************************************************
*
*  #2 cidade
*
************************************************************************************************/

Insert into cidade (idCidade, nome, uf) values (1,'Porto Velho', 'RO');
Insert into cidade (idCidade, nome, uf) values (2,'Presidente Médici', 'RO');
Insert into cidade (idCidade, nome, uf) values (3,'Rio Crespo', 'RO');
Insert into cidade (idCidade, nome, uf) values (4,'Rolim de Moura', 'RO');
Insert into cidade (idCidade, nome, uf) values (5,'Santa Luzia D''Oeste', 'RO');
Insert into cidade (idCidade, nome, uf) values (6,'Vilhena', 'RO');
Insert into cidade (idCidade, nome, uf) values (7,'São Miguel do Guaporé', 'RO');
Insert into cidade (idCidade, nome, uf) values (8,'Nova Mamoré', 'RO');
Insert into cidade (idCidade, nome, uf) values (9,'Alvorada D''Oeste', 'RO');
Insert into cidade (idCidade, nome, uf) values (10,'Porto Walter', 'AC');
Insert into cidade (idCidade, nome, uf) values (11,'Rio Branco', 'AC');
Insert into cidade (idCidade, nome, uf) values (12,'Rodrigues Alves', 'AC');
Insert into cidade (idCidade, nome, uf) values (13,'Santa Rosa do Purus', 'AC');
Insert into cidade (idCidade, nome, uf) values (14,'Senador Guiomard', 'AC');
Insert into cidade (idCidade, nome, uf) values (15,'Sena Madureira', 'AC');
Insert into cidade (idCidade, nome, uf) values (16,'Tarauacá', 'AC');
Insert into cidade (idCidade, nome, uf) values (17,'Manacapuru', 'AM');
Insert into cidade (idCidade, nome, uf) values (18,'Manaquiri', 'AM');
Insert into cidade (idCidade, nome, uf) values (19,'Manaus', 'AM');
Insert into cidade (idCidade, nome, uf) values (20,'Manicoré', 'AM');
Insert into cidade (idCidade, nome, uf) values (21,'Maraã', 'AM');
Insert into cidade (idCidade, nome, uf) values (22,'Maués', 'AM');
Insert into cidade (idCidade, nome, uf) values (23,'Nhamundá', 'AM');
Insert into cidade (idCidade, nome, uf) values (24,'Boa Vista', 'RR');
Insert into cidade (idCidade, nome, uf) values (25,'Bonfim', 'RR');
Insert into cidade (idCidade, nome, uf) values (26,'Cantá', 'RR');
Insert into cidade (idCidade, nome, uf) values (27,'Caracaraí', 'RR');
Insert into cidade (idCidade, nome, uf) values (28,'Caroebe', 'RR');
Insert into cidade (idCidade, nome, uf) values (29,'Iracema', 'RR');
Insert into cidade (idCidade, nome, uf) values (30,'Mucajaí', 'RR');
Insert into cidade (idCidade, nome, uf) values (31,'Barcarena', 'PA');
Insert into cidade (idCidade, nome, uf) values (32,'Belém', 'PA');
Insert into cidade (idCidade, nome, uf) values (33,'Belterra', 'PA');
Insert into cidade (idCidade, nome, uf) values (34,'Benevides', 'PA');
Insert into cidade (idCidade, nome, uf) values (35,'Macapá', 'AP');
Insert into cidade (idCidade, nome, uf) values (36,'Mazagão', 'AP');
Insert into cidade (idCidade, nome, uf) values (37,'Oiapoque', 'AP');
Insert into cidade (idCidade, nome, uf) values (38,'Palmas', 'TO');
Insert into cidade (idCidade, nome, uf) values (39,'Tocantínia', 'TO');
Insert into cidade (idCidade, nome, uf) values (40,'Tocantinópolis', 'TO');
Insert into cidade (idCidade, nome, uf) values (41,'Tupirama', 'TO');
Insert into cidade (idCidade, nome, uf) values (42,'Tupiratins', 'TO');
Insert into cidade (idCidade, nome, uf) values (43,'São Luís', 'MA');
Insert into cidade (idCidade, nome, uf) values (44,'São Luís Gonzaga do Maranhão', 'MA');
Insert into cidade (idCidade, nome, uf) values (45,'São Mateus do Maranhão', 'MA');
Insert into cidade (idCidade, nome, uf) values (46,'São Pedro da Água Branca', 'MA');
Insert into cidade (idCidade, nome, uf) values (47,'São Pedro dos Crentes', 'MA');
Insert into cidade (idCidade, nome, uf) values (48,'Socorro do Piauí', 'PI');
Insert into cidade (idCidade, nome, uf) values (49,'Sussuapara', 'PI');
Insert into cidade (idCidade, nome, uf) values (50,'Tamboril do Piauí', 'PI');
Insert into cidade (idCidade, nome, uf) values (51,'Tanque do Piauí', 'PI');
Insert into cidade (idCidade, nome, uf) values (52,'Teresina', 'PI');
Insert into cidade (idCidade, nome, uf) values (53,'União', 'PI');
Insert into cidade (idCidade, nome, uf) values (54,'Eusébio', 'CE');
Insert into cidade (idCidade, nome, uf) values (55,'Farias Brito', 'CE');
Insert into cidade (idCidade, nome, uf) values (56,'Forquilha', 'CE');
Insert into cidade (idCidade, nome, uf) values (57,'Fortaleza', 'CE');
Insert into cidade (idCidade, nome, uf) values (58,'Mossoró', 'RN');
Insert into cidade (idCidade, nome, uf) values (59,'Natal', 'RN');
Insert into cidade (idCidade, nome, uf) values (60,'Nísia Floresta', 'RN');
Insert into cidade (idCidade, nome, uf) values (61,'Nova Cruz', 'RN');
Insert into cidade (idCidade, nome, uf) values (62,'Jericó', 'PB');
Insert into cidade (idCidade, nome, uf) values (63,'João Pessoa', 'PB');
Insert into cidade (idCidade, nome, uf) values (64,'Juarez Távora', 'PB');
Insert into cidade (idCidade, nome, uf) values (65,'Juazeirinho', 'PB');
Insert into cidade (idCidade, nome, uf) values (66,'Junco do Seridó', 'PB');
Insert into cidade (idCidade, nome, uf) values (67,'Quixaba', 'PE');
Insert into cidade (idCidade, nome, uf) values (68,'Recife', 'PE');
Insert into cidade (idCidade, nome, uf) values (69,'Riacho das Almas', 'PE');
Insert into cidade (idCidade, nome, uf) values (70,'São Lourenço da Serra', 'SP');
Insert into cidade (idCidade, nome, uf) values (71,'São Luís do Paraitinga', 'SP');
Insert into cidade (idCidade, nome, uf) values (72,'São Manuel', 'SP');
Insert into cidade (idCidade, nome, uf) values (73,'São Miguel Arcanjo', 'SP');
Insert into cidade (idCidade, nome, uf) values (74,'São Paulo', 'SP');
Insert into cidade (idCidade, nome, uf) values (75,'São Pedro', 'SP');
Insert into cidade (idCidade, nome, uf) values (76,'Rio das Flores', 'RJ');
Insert into cidade (idCidade, nome, uf) values (77,'Rio das Ostras', 'RJ');
Insert into cidade (idCidade, nome, uf) values (78,'Rio de Janeiro', 'RJ');
Insert into cidade (idCidade, nome, uf) values (79,'Santa Maria Madalena', 'RJ');
Insert into cidade (idCidade, nome, uf) values (80,'Brasília', 'DF');
Insert into cidade (idCidade, nome, uf) values (81,'Goianésia', 'GO');
Insert into cidade (idCidade, nome, uf) values (82,'Goiânia', 'GO');
Insert into cidade (idCidade, nome, uf) values (83,'Goianira', 'GO');
Insert into cidade (idCidade, nome, uf) values (84,'Goiás', 'GO');

/*************************************************************************************************
*
*  #3 categoria_cnh
*
************************************************************************************************/

INSERT INTO categoria_cnh (idCategoriaCNH, descricao) values ('ACC', 'Habilita pessoas conduzam veículos de duas rodas com até 50 cm3 de cilindrada, as conhecidas “cinquentinhas”');
INSERT INTO categoria_cnh (idCategoriaCNH, descricao) values ('A', 'Habilita a conduzir veículos de duas ou três rodas, com mais que 50 de cilindrada. Além disso, também é possível conduzir os ciclomotores da categoria ACC');
INSERT INTO categoria_cnh (idCategoriaCNH, descricao) values ('B', 'Habilita o condutor a conduzir veículos de quatro rodas com até 3,5 toneladas de peso bruto total e capacidade para até oito passageiros, além do motorista (nove ocupantes no total). Quadriciclos estão inclusos nesta classe');
INSERT INTO categoria_cnh (idCategoriaCNH, descricao) values ('C', 'Habilita o condutor a dirigir todos os tipos de automóveis da categoria B, e também os veículos de carga, não articulados, com mais de 3,5 toneladas de peso bruto total. São exemplos os caminhões, tratores, máquinas agrícolas e de movimentação de carga');
INSERT INTO categoria_cnh (idCategoriaCNH, descricao) values ('D', 'Habilita o condutor a dirigir veículos para o transporte de passageiros que acomodem mais de 8 passageiros. Aqui, entram os ônibus, micro-ônibus e vans. Com ela, o condutor também pode comandar todos os veículos inclusos nos tipos de CNH B e C');
INSERT INTO categoria_cnh (idCategoriaCNH, descricao) values ('E', 'Todos os veículos inclusos nos tipos de CNH B, C e D. Além disso, ele também pode dirigir veículos com unidades acopladas que excedam 6 toneladas. Aqui estão as carretas e caminhões com reboques e semirreboques articulados. Por fim, é necessário ter a carteira E para conduzir carros puxando trailers');
INSERT INTO categoria_cnh (idCategoriaCNH, descricao) values ('AB', '-- sem descrição --');
INSERT INTO categoria_cnh (idCategoriaCNH, descricao) values ('AC', '-- sem descrição --');
INSERT INTO categoria_cnh (idCategoriaCNH, descricao) values ('AD', '-- sem descrição --');
INSERT INTO categoria_cnh (idCategoriaCNH, descricao) values ('AE', '-- sem descrição --');

/*************************************************************************************************
*
*  #4 condutor
*
************************************************************************************************/

insert into condutor (cpf, nome, dataNasc, idCategoriaCNH, endereco, bairro, idCidade, situacaoCNH) values (88336806055, 'Barney Scartifield', '9/8/1983', 'ACC', '226 Darwin Road', 'Brisamar', 65, 'S');
insert into condutor (cpf, nome, dataNasc, idCategoriaCNH, endereco, bairro, idCidade, situacaoCNH) values (62879190798, 'Brandi Girardini', '15/3/1957', 'A', '68 Lukken Park', 'Água Fria', 51, 'S');
insert into condutor (cpf, nome, dataNasc, idCategoriaCNH, endereco, bairro, idCidade, situacaoCNH) values (91692630512, 'Perry Willcock', '20/4/1991', 'B', '80 Golf View Street', 'Gramame', 5, 'S');
insert into condutor (cpf, nome, dataNasc, idCategoriaCNH, endereco, bairro, idCidade, situacaoCNH) values (72643861494, 'Juliet Auletta', '28/5/1980', 'C', '25302 Ronald Regan Street', 'Anatólia', 65, 'R');
insert into condutor (cpf, nome, dataNasc, idCategoriaCNH, endereco, bairro, idCidade, situacaoCNH) values (24354662801, 'Dita Yourell', '4/4/1983', 'D', '9 Waxwing Alley', 'Pedro Gondim', 32, 'S');
insert into condutor (cpf, nome, dataNasc, idCategoriaCNH, endereco, bairro, idCidade, situacaoCNH) values (51060259945, 'Siffre Housam', '14/4/1950', 'E', '037 2nd Plaza', 'Valentina Figueiredo', 68, 'S');
insert into condutor (cpf, nome, dataNasc, idCategoriaCNH, endereco, bairro, idCidade, situacaoCNH) values (93178109562, 'Rebekkah Laroze', '16/10/1978', 'AB', '0970 Melby Place', 'Bancários', 60, 'S');
insert into condutor (cpf, nome, dataNasc, idCategoriaCNH, endereco, bairro, idCidade, situacaoCNH) values (68422127313, 'Beatriz Hardesty', '5/2/1961', 'AC', '7673 Maryland Pass', 'Mumbaba', 19, 'S');
insert into condutor (cpf, nome, dataNasc, idCategoriaCNH, endereco, bairro, idCidade, situacaoCNH) values (54051303022, 'Emlyn Dabinett', '18/4/1985', 'AD', '022 Clemons Crossing', 'Alto do Céu', 55, 'R');
insert into condutor (cpf, nome, dataNasc, idCategoriaCNH, endereco, bairro, idCidade, situacaoCNH) values (66465704997, 'Gerianna Steen', '24/3/1970', 'AE', '55 Donald Drive', 'Muçumagro', 17, 'S');
insert into condutor (cpf, nome, dataNasc, idCategoriaCNH, endereco, bairro, idCidade, situacaoCNH) values (77919445251, 'Gussy Witchell', '30/5/1968', 'ACC', '94387 Sunfield Way', 'Bairro dos Estados', 63, 'R');
insert into condutor (cpf, nome, dataNasc, idCategoriaCNH, endereco, bairro, idCidade, situacaoCNH) values (80418876539, 'Jelene Saddler', '13/5/1988', 'A', '52 Mayer Junction', 'Mata', 24, 'S');
insert into condutor (cpf, nome, dataNasc, idCategoriaCNH, endereco, bairro, idCidade, situacaoCNH) values (97022610389, 'Ula Adshed', '19/10/1980', 'B', '088 Northview Hill', 'Centro', 67, 'R');
insert into condutor (cpf, nome, dataNasc, idCategoriaCNH, endereco, bairro, idCidade, situacaoCNH) values (81392057626, 'Dani Packer', '29/1/1994', 'C', '059 Monica Junction', 'Jaguaribe', 12, 'S');
insert into condutor (cpf, nome, dataNasc, idCategoriaCNH, endereco, bairro, idCidade, situacaoCNH) values (91077641460, 'Korella Conman', '23/7/1973', 'D', '8 Knutson Plaza', 'Manaíra', 52, 'S');
insert into condutor (cpf, nome, dataNasc, idCategoriaCNH, endereco, bairro, idCidade, situacaoCNH) values (44975805144, 'Tedra Jimmes', '17/10/1970', 'E', '7 Moulton Place', 'Cabo Branco', 69, 'S');
insert into condutor (cpf, nome, dataNasc, idCategoriaCNH, endereco, bairro, idCidade, situacaoCNH) values (10759049070, 'Danit Moxon', '9/6/1989', 'AB', '3871 Mayfield Drive', 'Tambiá', 1, 'R');
insert into condutor (cpf, nome, dataNasc, idCategoriaCNH, endereco, bairro, idCidade, situacaoCNH) values (39545988267, 'Chrysa Nan Carrow', '26/5/1953', 'AC', '1563 Glacier Hill Junction', 'Jardim São Paulo', 21, 'S');
insert into condutor (cpf, nome, dataNasc, idCategoriaCNH, endereco, bairro, idCidade, situacaoCNH) values (11865236062, 'Judy Maddox', '27/5/1957', 'AD', '164 Coleman Point', 'Barra', 19, 'R');
insert into condutor (cpf, nome, dataNasc, idCategoriaCNH, endereco, bairro, idCidade, situacaoCNH) values (36534484774, 'Bunni Footitt', '21/7/1957', 'AE', '0849 Sunnyside Way', 'Torre', 48, 'S');
insert into condutor (cpf, nome, dataNasc, idCategoriaCNH, endereco, bairro, idCidade, situacaoCNH) values (29351693574, 'Selby Mather', '1/10/1990', 'ACC', '2221 Erie Park', 'Miramar', 1, 'S');
insert into condutor (cpf, nome, dataNasc, idCategoriaCNH, endereco, bairro, idCidade, situacaoCNH) values (31384963219, 'Marion Corbet', '9/2/1994', 'A', '7331 Farragut Terrace', 'Cabo Branco', 33, 'R');
insert into condutor (cpf, nome, dataNasc, idCategoriaCNH, endereco, bairro, idCidade, situacaoCNH) values (44019361641, 'Clarissa Kither', '28/2/1966', 'B', '6 Esch Alley', 'Aeroclube', 58, 'S');
insert into condutor (cpf, nome, dataNasc, idCategoriaCNH, endereco, bairro, idCidade, situacaoCNH) values (24806619157, 'Liv Forcade', '26/11/1958', 'C', '683 Transport Plaza', 'Ilha do Bispo', 78, 'S');
insert into condutor (cpf, nome, dataNasc, idCategoriaCNH, endereco, bairro, idCidade, situacaoCNH) values (80784044521, 'Timmie M''Quhan', '26/7/1982', 'D', '5583 David Lane', 'Jardim Cidade Universitária', 26, 'S');
insert into condutor (cpf, nome, dataNasc, idCategoriaCNH, endereco, bairro, idCidade, situacaoCNH) values (41950400671, 'Herc Gabotti', '9/2/1975', 'E', '538 Larry Drive', 'Padre Zé', 74, 'R');
insert into condutor (cpf, nome, dataNasc, idCategoriaCNH, endereco, bairro, idCidade, situacaoCNH) values (67229471887, 'Karna Westerman', '7/7/1967', 'AB', '175 Stone Corner Drive', 'Mata', 13, 'R');
insert into condutor (cpf, nome, dataNasc, idCategoriaCNH, endereco, bairro, idCidade, situacaoCNH) values (99772536987, 'Shem Blankett', '24/8/1950', 'AC', '578 Pankratz Way', 'Bairro', 61, 'S');
insert into condutor (cpf, nome, dataNasc, idCategoriaCNH, endereco, bairro, idCidade, situacaoCNH) values (13657304463, 'Nessi Rowcastle', '19/8/1994', 'AD', '910 Summer Ridge Park', 'Funcionários II', 69, 'R');
insert into condutor (cpf, nome, dataNasc, idCategoriaCNH, endereco, bairro, idCidade, situacaoCNH) values (19195099461, 'Tisha Hallaways', '3/10/1980', 'AE', '15456 Annamark Pass', 'Varadouro', 33, 'S');
insert into condutor (cpf, nome, dataNasc, idCategoriaCNH, endereco, bairro, idCidade, situacaoCNH) values (21915505273, 'Payton Burkin', '18/4/1999', 'ACC', '724 Lillian Parkway', 'José Américo', 69, 'R');
insert into condutor (cpf, nome, dataNasc, idCategoriaCNH, endereco, bairro, idCidade, situacaoCNH) values (39010841989, 'Eddy Havick', '13/10/1996', 'A', '413 Ridgeway Park', 'Bairro', 54, 'S');
insert into condutor (cpf, nome, dataNasc, idCategoriaCNH, endereco, bairro, idCidade, situacaoCNH) values (35845875062, 'Grover Bowcock', '28/9/1968', 'B', '2 Marcy Circle', 'Funcionários II', 56, 'S');
insert into condutor (cpf, nome, dataNasc, idCategoriaCNH, endereco, bairro, idCidade, situacaoCNH) values (85125688562, 'Robin Martijn', '2/3/1973', 'C', '25186 Packers Alley', 'Oitizeiro', 78, 'R');
insert into condutor (cpf, nome, dataNasc, idCategoriaCNH, endereco, bairro, idCidade, situacaoCNH) values (59581000994, 'Teodora Fender', '5/10/1963', 'D', '7 Bartelt Crossing', 'Bairro', 64, 'R');
insert into condutor (cpf, nome, dataNasc, idCategoriaCNH, endereco, bairro, idCidade, situacaoCNH) values (26041617251, 'Zilvia Slaight', '21/12/1970', 'E', '3 Wayridge Circle', 'Jardim Veneza', 50, 'S');
insert into condutor (cpf, nome, dataNasc, idCategoriaCNH, endereco, bairro, idCidade, situacaoCNH) values (19301780195, 'Stoddard Kenealy', '10/6/1961', 'AB', '1018 Lukken Circle', 'Cuiá', 63, 'S');
insert into condutor (cpf, nome, dataNasc, idCategoriaCNH, endereco, bairro, idCidade, situacaoCNH) values (78986077557, 'Steward Unworth', '21/2/1993', 'AC', '7 Vidon Hill', 'José Américo', 61, 'S');
insert into condutor (cpf, nome, dataNasc, idCategoriaCNH, endereco, bairro, idCidade, situacaoCNH) values (10165621978, 'Trent Geldeard', '23/12/1997', 'AD', '8 Glacier Hill Center', 'Jardim 13 de Maio', 58, 'S');
insert into condutor (cpf, nome, dataNasc, idCategoriaCNH, endereco, bairro, idCidade, situacaoCNH) values (27691834780, 'Mandie Gromley', '10/12/1988', 'AE', '09 Hauk Drive', 'Brisamar', 69, 'R');
insert into condutor (cpf, nome, dataNasc, idCategoriaCNH, endereco, bairro, idCidade, situacaoCNH) values (71450601521, 'Vevay Charte', '24/1/1961', 'ACC', '4282 Victoria Parkway', 'Mandacaru', 27, 'S');
insert into condutor (cpf, nome, dataNasc, idCategoriaCNH, endereco, bairro, idCidade, situacaoCNH) values (13710775896, 'Onofredo Cammish', '17/8/1979', 'A', '893 Stephen Road', 'Muçumagro', 4, 'R');
insert into condutor (cpf, nome, dataNasc, idCategoriaCNH, endereco, bairro, idCidade, situacaoCNH) values (73786989491, 'Josie Ganiford', '26/9/1967', 'B', '28827 Forest Run Center', 'Aeroclube', 23, 'R');
insert into condutor (cpf, nome, dataNasc, idCategoriaCNH, endereco, bairro, idCidade, situacaoCNH) values (80796566764, 'Liuka Maddaford', '8/2/1981', 'C', '6541 Mockingbird Way', 'Valentina Figueiredo', 51, 'S');
insert into condutor (cpf, nome, dataNasc, idCategoriaCNH, endereco, bairro, idCidade, situacaoCNH) values (78045812192, 'Tiffie Riglesford', '14/12/1983', 'D', '3 Burning Wood Road', 'Mandacaru', 44, 'R');
insert into condutor (cpf, nome, dataNasc, idCategoriaCNH, endereco, bairro, idCidade, situacaoCNH) values (18924517470, 'Nicoli Gilfoyle', '16/3/1955', 'E', '52763 Maywood Street', 'Cabo Branco', 9, 'S');
insert into condutor (cpf, nome, dataNasc, idCategoriaCNH, endereco, bairro, idCidade, situacaoCNH) values (87454144911, 'Isabelle Hrinchishin', '31/5/1987', 'AB', '87 Lindbergh Crossing', 'Manaíra', 45, 'S');
insert into condutor (cpf, nome, dataNasc, idCategoriaCNH, endereco, bairro, idCidade, situacaoCNH) values (20130170026, 'Jude Eckert', '12/7/1997', 'AC', '831 Dorton Pass', 'Ernesto Geisel', 45, 'R');
insert into condutor (cpf, nome, dataNasc, idCategoriaCNH, endereco, bairro, idCidade, situacaoCNH) values (84717992147, 'Torie Spears', '2/7/1955', 'AD', '032 Northfield Pass', 'Anatólia', 1, 'R');
insert into condutor (cpf, nome, dataNasc, idCategoriaCNH, endereco, bairro, idCidade, situacaoCNH) values (33914225651, 'Rockey Boater', '18/6/1994', 'AE', '1 Oakridge Center', 'Alto do Mateus', 80, 'S');
insert into condutor (cpf, nome, dataNasc, idCategoriaCNH, endereco, bairro, idCidade, situacaoCNH) values (63127377160, 'Robina Flindall', '20/10/1957', 'ACC', '50 Sunnyside Hill', 'Jardim Oceania', 23, 'S');
insert into condutor (cpf, nome, dataNasc, idCategoriaCNH, endereco, bairro, idCidade, situacaoCNH) values (77805213482, 'Ferdy Thiem', '15/7/1967', 'A', '215 Stone Corner Pass', 'Ilha do Bispo', 18, 'R');
insert into condutor (cpf, nome, dataNasc, idCategoriaCNH, endereco, bairro, idCidade, situacaoCNH) values (57894921016, 'Melinda Rainey', '18/7/1976', 'B', '2837 Rutledge Avenue', 'Jardim Veneza', 36, 'S');
insert into condutor (cpf, nome, dataNasc, idCategoriaCNH, endereco, bairro, idCidade, situacaoCNH) values (12940419376, 'Nesta Wilson', '23/3/1965', 'C', '19807 Kingsford Place', 'Varadouro', 10, 'S');
insert into condutor (cpf, nome, dataNasc, idCategoriaCNH, endereco, bairro, idCidade, situacaoCNH) values (27946599139, 'Zarla Lamke', '1/10/1959', 'D', '5057 Welch Pass', 'Pedro Gondim', 25, 'S');
insert into condutor (cpf, nome, dataNasc, idCategoriaCNH, endereco, bairro, idCidade, situacaoCNH) values (39981026883, 'Antoni Petrowsky', '11/8/1953', 'E', '81068 Harbort Drive', 'Jaguaribe', 48, 'S');
insert into condutor (cpf, nome, dataNasc, idCategoriaCNH, endereco, bairro, idCidade, situacaoCNH) values (16627002899, 'Shir Burrill', '27/7/1950', 'AB', '06 Manitowish Trail', 'Cristo Redentor', 5, 'R');
insert into condutor (cpf, nome, dataNasc, idCategoriaCNH, endereco, bairro, idCidade, situacaoCNH) values (92487784992, 'Catie Brimblecomb', '7/1/1968', 'AC', '97810 Karstens Way', 'Varadouro', 23, 'R');
insert into condutor (cpf, nome, dataNasc, idCategoriaCNH, endereco, bairro, idCidade, situacaoCNH) values (40088246939, 'Allyn Hewes', '5/4/1955', 'AD', '99 Bunting Road', 'Valentina Figueiredo', 64, 'R');
insert into condutor (cpf, nome, dataNasc, idCategoriaCNH, endereco, bairro, idCidade, situacaoCNH) values (47792116591, 'Yehudit Docket', '26/8/1978', 'AE', '7 Sycamore Parkway', 'Oitizeiro', 1, 'R');
insert into condutor (cpf, nome, dataNasc, idCategoriaCNH, endereco, bairro, idCidade, situacaoCNH) values (48980682012, 'Rhona Semper', '17/2/1979', 'ACC', '05 Pawling Parkway', 'Grotão', 40, 'R');
insert into condutor (cpf, nome, dataNasc, idCategoriaCNH, endereco, bairro, idCidade, situacaoCNH) values (54053688656, 'Kassie Knewstub', '2/1/1998', 'A', '0608 Crownhardt Circle', 'Cristo Redentor', 34, 'R');
insert into condutor (cpf, nome, dataNasc, idCategoriaCNH, endereco, bairro, idCidade, situacaoCNH) values (52330073731, 'Erhard Potticary', '21/7/1956', 'B', '0398 Judy Plaza', 'Ernesto Geisel', 47, 'S');
insert into condutor (cpf, nome, dataNasc, idCategoriaCNH, endereco, bairro, idCidade, situacaoCNH) values (57478587269, 'Mannie Michele', '22/8/1967', 'C', '6 Sloan Alley', 'Quadramares', 59, 'S');
insert into condutor (cpf, nome, dataNasc, idCategoriaCNH, endereco, bairro, idCidade, situacaoCNH) values (15727050225, 'Laina Crampin', '16/4/1997', 'D', '59 Warner Pass', 'São José', 1, 'R');
insert into condutor (cpf, nome, dataNasc, idCategoriaCNH, endereco, bairro, idCidade, situacaoCNH) values (50626952891, 'Frannie Grimster', '3/7/1959', 'E', '04 Calypso Avenue', 'Bairro dos Ipês', 50, 'S');
insert into condutor (cpf, nome, dataNasc, idCategoriaCNH, endereco, bairro, idCidade, situacaoCNH) values (41951615703, 'Wilbert Foynes', '1/5/1971', 'AB', '37821 Grasskamp Way', 'Jardim Cidade Universitária', 79, 'R');
insert into condutor (cpf, nome, dataNasc, idCategoriaCNH, endereco, bairro, idCidade, situacaoCNH) values (53331209724, 'Thedric Garforth', '6/10/1954', 'AC', '4786 Melvin Avenue', 'Castelo Branco', 26, 'S');
insert into condutor (cpf, nome, dataNasc, idCategoriaCNH, endereco, bairro, idCidade, situacaoCNH) values (71855823633, 'Agna Dodman', '13/10/1999', 'AD', '9572 Esker Hill', 'Alto do Céu', 11, 'S');
insert into condutor (cpf, nome, dataNasc, idCategoriaCNH, endereco, bairro, idCidade, situacaoCNH) values (20168665143, 'Kali Mordacai', '12/10/1967', 'AE', '49 Northview Junction', 'Bessa', 49, 'R');
insert into condutor (cpf, nome, dataNasc, idCategoriaCNH, endereco, bairro, idCidade, situacaoCNH) values (65898796787, 'Alika Demschke', '1/2/1976', 'ACC', '280 Cardinal Crossing', 'Bairro dos Estados', 7, 'S');
insert into condutor (cpf, nome, dataNasc, idCategoriaCNH, endereco, bairro, idCidade, situacaoCNH) values (69537598740, 'Eldon Grestie', '26/8/1988', 'A', '2411 Russell Pass', 'Varjão', 18, 'S');
insert into condutor (cpf, nome, dataNasc, idCategoriaCNH, endereco, bairro, idCidade, situacaoCNH) values (92418931469, 'Arte Cosgry', '28/4/1966', 'B', '14777 Linden Court', 'Alto do Mateus', 82, 'S');
insert into condutor (cpf, nome, dataNasc, idCategoriaCNH, endereco, bairro, idCidade, situacaoCNH) values (70315691938, 'Frieda Borsnall', '14/10/1953', 'C', '53 Esker Parkway', 'Tambauzinho', 58, 'R');
insert into condutor (cpf, nome, dataNasc, idCategoriaCNH, endereco, bairro, idCidade, situacaoCNH) values (19092331901, 'Flint Glazebrook', '29/7/1994', 'D', '9 Northridge Park', 'Aeroclube', 5, 'S');
insert into condutor (cpf, nome, dataNasc, idCategoriaCNH, endereco, bairro, idCidade, situacaoCNH) values (34082921632, 'Benita Chaffin', '15/11/1975', 'E', '5 Fieldstone Parkway', 'Alto do Céu', 62, 'R');
insert into condutor (cpf, nome, dataNasc, idCategoriaCNH, endereco, bairro, idCidade, situacaoCNH) values (12457984637, 'Lilias Filewood', '24/4/1986', 'AB', '08 Grayhawk Place', 'Gramame', 16, 'S');
insert into condutor (cpf, nome, dataNasc, idCategoriaCNH, endereco, bairro, idCidade, situacaoCNH) values (72386169100, 'Rutherford Tawse', '20/10/1956', 'AC', '43220 Talisman Plaza', 'Quadramares', 3, 'R');
insert into condutor (cpf, nome, dataNasc, idCategoriaCNH, endereco, bairro, idCidade, situacaoCNH) values (47882084504, 'Opaline Machent', '18/6/1993', 'AD', '33638 Toban Pass', 'Ernâni Sátiro', 4, 'S');
insert into condutor (cpf, nome, dataNasc, idCategoriaCNH, endereco, bairro, idCidade, situacaoCNH) values (54898657138, 'Tonia Greenless', '25/4/1978', 'AE', '8923 Northport Drive', 'Jaguaribe', 80, 'S');
insert into condutor (cpf, nome, dataNasc, idCategoriaCNH, endereco, bairro, idCidade, situacaoCNH) values (66310457591, 'Ralina Kiledal', '3/6/1966', 'ACC', '2919 Homewood Court', 'João Agripino', 43, 'R');
insert into condutor (cpf, nome, dataNasc, idCategoriaCNH, endereco, bairro, idCidade, situacaoCNH) values (88290922830, 'Leighton Steet', '18/5/1975', 'A', '67 Vermont Center', 'Jaguaribe', 4, 'R');
insert into condutor (cpf, nome, dataNasc, idCategoriaCNH, endereco, bairro, idCidade, situacaoCNH) values (10992248384, 'Chancey Giannoni', '5/11/1977', 'B', '845 Kedzie Drive', 'Bairro', 32, 'S');
insert into condutor (cpf, nome, dataNasc, idCategoriaCNH, endereco, bairro, idCidade, situacaoCNH) values (35450906719, 'Devin Beavis', '22/1/1968', 'C', '4 Maple Wood Parkway', 'Ernesto Geisel', 70, 'S');
insert into condutor (cpf, nome, dataNasc, idCategoriaCNH, endereco, bairro, idCidade, situacaoCNH) values (12104163317, 'Irvin Hacksby', '28/3/1962', 'D', '22813 Bowman Road', 'Pedro Gondim', 34, 'R');
insert into condutor (cpf, nome, dataNasc, idCategoriaCNH, endereco, bairro, idCidade, situacaoCNH) values (24714396796, 'Gardner Pelzer', '20/6/1998', 'E', '2 Mcguire Plaza', 'Alto do Céu', 6, 'R');
insert into condutor (cpf, nome, dataNasc, idCategoriaCNH, endereco, bairro, idCidade, situacaoCNH) values (25976105056, 'Remus Adamovich', '2/6/1990', 'AB', '4449 Graedel Court', 'Ilha do Bispo', 5, 'S');
insert into condutor (cpf, nome, dataNasc, idCategoriaCNH, endereco, bairro, idCidade, situacaoCNH) values (45188742082, 'Cam Iacovozzo', '9/7/1992', 'AC', '0276 Elmside Drive', 'Cruz das Armas', 73, 'R');
insert into condutor (cpf, nome, dataNasc, idCategoriaCNH, endereco, bairro, idCidade, situacaoCNH) values (65290772816, 'Bat Checklin', '14/3/1958', 'AD', '4094 Fairview Plaza', 'Ernesto Geisel', 60, 'S');
insert into condutor (cpf, nome, dataNasc, idCategoriaCNH, endereco, bairro, idCidade, situacaoCNH) values (20840903668, 'Kurtis Hutson', '15/1/1963', 'AE', '679 Havey Drive', 'Manaíra', 30, 'S');
insert into condutor (cpf, nome, dataNasc, idCategoriaCNH, endereco, bairro, idCidade, situacaoCNH) values (27651705750, 'Toddie Beesey', '12/5/1950', 'ACC', '40983 Sullivan Pass', 'Cristo Redentor', 52, 'S');
insert into condutor (cpf, nome, dataNasc, idCategoriaCNH, endereco, bairro, idCidade, situacaoCNH) values (73966854540, 'Cornelius Concannon', '12/8/1957', 'A', '8 Sunbrook Way', 'Torre', 72, 'S');
insert into condutor (cpf, nome, dataNasc, idCategoriaCNH, endereco, bairro, idCidade, situacaoCNH) values (79661083712, 'Twyla Leaton', '4/2/1960', 'B', '14 Dahle Drive', 'Ernesto Geisel', 73, 'R');
insert into condutor (cpf, nome, dataNasc, idCategoriaCNH, endereco, bairro, idCidade, situacaoCNH) values (44260894854, 'Phyllys Drew', '7/12/1975', 'C', '21228 Fisk Hill', 'Bairro', 11, 'R');
insert into condutor (cpf, nome, dataNasc, idCategoriaCNH, endereco, bairro, idCidade, situacaoCNH) values (21020756238, 'Ansell Callum', '14/7/1993', 'D', '1 Grasskamp Parkway', 'Jardim Oceania', 37, 'R');
insert into condutor (cpf, nome, dataNasc, idCategoriaCNH, endereco, bairro, idCidade, situacaoCNH) values (57425612795, 'Luciana Swinley', '27/11/1981', 'E', '8159 Northland Plaza', 'Altiplano', 57, 'S');
insert into condutor (cpf, nome, dataNasc, idCategoriaCNH, endereco, bairro, idCidade, situacaoCNH) values (77364955173, 'Alfie Siddon', '23/9/1988', 'AB', '26 Westport Drive', 'Paratibe', 6, 'R');
insert into condutor (cpf, nome, dataNasc, idCategoriaCNH, endereco, bairro, idCidade, situacaoCNH) values (23531504212, 'Bartlett Firebrace', '15/4/1955', 'AC', '0561 Sage Place', 'Bairro das Indústrias', 20, 'R');
insert into condutor (cpf, nome, dataNasc, idCategoriaCNH, endereco, bairro, idCidade, situacaoCNH) values (10516622019, 'Mallory Maddigan', '1/11/1968', 'AD', '57 Bay Crossing', 'Quadramares', 17, 'R');
insert into condutor (cpf, nome, dataNasc, idCategoriaCNH, endereco, bairro, idCidade, situacaoCNH) values (45372232076, 'Way Alvin', '22/2/1995', 'AE', '0 Bowman Alley', 'Quadramares', 68, 'R');
insert into condutor (cpf, nome, dataNasc, idCategoriaCNH, endereco, bairro, idCidade, situacaoCNH) values (31773555426, 'Cathlene Ledington', '7/9/1972', 'ACC', '61 Moose Place', 'João Paulo II', 18, 'S');
insert into condutor (cpf, nome, dataNasc, idCategoriaCNH, endereco, bairro, idCidade, situacaoCNH) values (29636220135, 'Ricardo Peschet', '24/6/1980', 'A', '19 Killdeer Junction', 'Mandacaru', 77, 'R');
insert into condutor (cpf, nome, dataNasc, idCategoriaCNH, endereco, bairro, idCidade, situacaoCNH) values (57519731394, 'Nina Blackstock', '7/3/1986', 'B', '1 Arizona Pass', 'Distrito Industrial', 39, 'S');
insert into condutor (cpf, nome, dataNasc, idCategoriaCNH, endereco, bairro, idCidade, situacaoCNH) values (40845738714, 'Felicle Gerrad', '11/6/1985', 'C', '78669 Pearson Court', 'Expedicionários', 9, 'R');
insert into condutor (cpf, nome, dataNasc, idCategoriaCNH, endereco, bairro, idCidade, situacaoCNH) values (52243037107, 'Evelyn Frain', '29/6/1974', 'D', '576 Summit Pass', 'Manaíra', 61, 'R');
insert into condutor (cpf, nome, dataNasc, idCategoriaCNH, endereco, bairro, idCidade, situacaoCNH) values (91777634589, 'Ivie Carslaw', '2/7/1967', 'E', '661 Sullivan Place', 'Varadouro', 79, 'R');
insert into condutor (cpf, nome, dataNasc, idCategoriaCNH, endereco, bairro, idCidade, situacaoCNH) values (22512583816, 'Diane-marie Nyssens', '29/4/1985', 'AB', '39 Sundown Way', 'Água Fria', 62, 'R');
insert into condutor (cpf, nome, dataNasc, idCategoriaCNH, endereco, bairro, idCidade, situacaoCNH) values (45330395965, 'Brand Crocker', '9/12/1973', 'AC', '1 Burrows Alley', 'Tambiá', 26, 'R');
insert into condutor (cpf, nome, dataNasc, idCategoriaCNH, endereco, bairro, idCidade, situacaoCNH) values (40062797824, 'Munmro Yerborn', '18/10/1952', 'AD', '38770 Susan Drive', 'Ernesto Geisel', 48, 'R');
insert into condutor (cpf, nome, dataNasc, idCategoriaCNH, endereco, bairro, idCidade, situacaoCNH) values (46145902058, 'Aubry Rosbotham', '22/4/1973', 'AE', '77 Gale Drive', 'Jardim 13 de Maio', 45, 'S');
insert into condutor (cpf, nome, dataNasc, idCategoriaCNH, endereco, bairro, idCidade, situacaoCNH) values (11745823117, 'Elva Braley', '13/10/1988', 'ACC', '414 Daystar Parkway', 'Alto do Mateus', 83, 'R');
insert into condutor (cpf, nome, dataNasc, idCategoriaCNH, endereco, bairro, idCidade, situacaoCNH) values (62107729615, 'Rinaldo Antonin', '21/1/1960', 'A', '30755 Anniversary Street', 'João Agripino', 1, 'S');
insert into condutor (cpf, nome, dataNasc, idCategoriaCNH, endereco, bairro, idCidade, situacaoCNH) values (81833914580, 'Bebe McCarly', '21/10/1980', 'B', '180 Anthes Junction', 'Jardim 13 de Maio', 58, 'S');
insert into condutor (cpf, nome, dataNasc, idCategoriaCNH, endereco, bairro, idCidade, situacaoCNH) values (23325981260, 'Hilario Brenston', '17/11/1978', 'C', '4144 Paget Trail', 'Tambaú', 29, 'R');
insert into condutor (cpf, nome, dataNasc, idCategoriaCNH, endereco, bairro, idCidade, situacaoCNH) values (70199659874, 'Constancy Blance', '2/3/1994', 'D', '2 Bartillon Road', 'Costa do Sol', 10, 'R');
insert into condutor (cpf, nome, dataNasc, idCategoriaCNH, endereco, bairro, idCidade, situacaoCNH) values (29082255126, 'Glynis Bagenal', '14/9/1988', 'E', '97 Merry Hill', 'Expedicionários', 66, 'R');
insert into condutor (cpf, nome, dataNasc, idCategoriaCNH, endereco, bairro, idCidade, situacaoCNH) values (74096555577, 'Cassie Roth', '12/10/1972', 'AB', '9 Onsgard Park', 'Cruz das Armas', 41, 'S');
insert into condutor (cpf, nome, dataNasc, idCategoriaCNH, endereco, bairro, idCidade, situacaoCNH) values (41679160642, 'Tiffani MacMakin', '1/4/1993', 'AC', '4069 Dayton Plaza', 'Cristo Redentor', 32, 'S');
insert into condutor (cpf, nome, dataNasc, idCategoriaCNH, endereco, bairro, idCidade, situacaoCNH) values (91049014221, 'Richmound Da Costa', '15/7/1999', 'AD', '69 Stoughton Hill', 'João Agripino', 75, 'S');
insert into condutor (cpf, nome, dataNasc, idCategoriaCNH, endereco, bairro, idCidade, situacaoCNH) values (95748385736, 'Aurelea Cutsforth', '16/1/1966', 'AE', '66 Welch Junction', 'Mata', 47, 'R');
insert into condutor (cpf, nome, dataNasc, idCategoriaCNH, endereco, bairro, idCidade, situacaoCNH) values (10621620334, 'Ulysses Edlington', '6/4/1987', 'ACC', '75 Chive Hill', 'Torre', 63, 'S');
insert into condutor (cpf, nome, dataNasc, idCategoriaCNH, endereco, bairro, idCidade, situacaoCNH) values (37768219019, 'Lauree Pesik', '26/9/1974', 'A', '9 Almo Court', 'Varadouro', 20, 'S');
insert into condutor (cpf, nome, dataNasc, idCategoriaCNH, endereco, bairro, idCidade, situacaoCNH) values (79694968967, 'Coralyn De la Barre', '7/3/1999', 'B', '21630 Fairview Crossing', 'Valentina Figueiredo', 6, 'R');
insert into condutor (cpf, nome, dataNasc, idCategoriaCNH, endereco, bairro, idCidade, situacaoCNH) values (47396343285, 'Skippie Klouz', '17/6/1952', 'C', '53 Columbus Point', 'Anatólia', 48, 'S');
insert into condutor (cpf, nome, dataNasc, idCategoriaCNH, endereco, bairro, idCidade, situacaoCNH) values (63501861955, 'Nobe Basire', '27/9/1974', 'D', '593 Aberg Street', 'Jardim Oceania', 76, 'S');
insert into condutor (cpf, nome, dataNasc, idCategoriaCNH, endereco, bairro, idCidade, situacaoCNH) values (55776194085, 'Andy Goard', '8/8/1981', 'E', '4 Monica Parkway', 'Varjão', 8, 'S');
insert into condutor (cpf, nome, dataNasc, idCategoriaCNH, endereco, bairro, idCidade, situacaoCNH) values (39167346489, 'Lucina Wasmuth', '26/4/1971', 'AB', '84 Green Crossing', 'Castelo Branco', 55, 'R');
insert into condutor (cpf, nome, dataNasc, idCategoriaCNH, endereco, bairro, idCidade, situacaoCNH) values (47473102270, 'Koren Grant', '9/1/1998', 'AC', '981 Thackeray Terrace', 'João Agripino', 37, 'R');
insert into condutor (cpf, nome, dataNasc, idCategoriaCNH, endereco, bairro, idCidade, situacaoCNH) values (50369205276, 'Onofredo Gadsdon', '17/8/1961', 'AD', '6873 Kinsman Road', 'Bairro das Indústrias', 50, 'R');
insert into condutor (cpf, nome, dataNasc, idCategoriaCNH, endereco, bairro, idCidade, situacaoCNH) values (66181256656, 'Nicola Gewer', '24/10/1982', 'AE', '84656 Jenna Lane', 'Varadouro', 15, 'S');
insert into condutor (cpf, nome, dataNasc, idCategoriaCNH, endereco, bairro, idCidade, situacaoCNH) values (90694731487, 'Ronnie Darkins', '1/7/1955', 'ACC', '88484 Cherokee Parkway', 'Grotão', 6, 'S');
insert into condutor (cpf, nome, dataNasc, idCategoriaCNH, endereco, bairro, idCidade, situacaoCNH) values (36536906650, 'Ethelind Cunradi', '29/12/1976', 'A', '51856 Tony Way', 'Planalto da Boa Esperança', 46, 'S');
insert into condutor (cpf, nome, dataNasc, idCategoriaCNH, endereco, bairro, idCidade, situacaoCNH) values (13007967803, 'Ruy Dumphrey', '22/5/1954', 'B', '47 Union Hill', 'Mata', 8, 'R');
insert into condutor (cpf, nome, dataNasc, idCategoriaCNH, endereco, bairro, idCidade, situacaoCNH) values (35147307850, 'Howard Scoullar', '4/1/1969', 'C', '08321 Longview Center', 'Trincheiras', 78, 'S');
insert into condutor (cpf, nome, dataNasc, idCategoriaCNH, endereco, bairro, idCidade, situacaoCNH) values (22434486587, 'Shurwood Smead', '21/4/1964', 'D', '606 Clemons Circle', 'Oitizeiro', 60, 'S');
insert into condutor (cpf, nome, dataNasc, idCategoriaCNH, endereco, bairro, idCidade, situacaoCNH) values (14484937740, 'Darrick Yankin', '8/11/1968', 'E', '9232 Cardinal Park', 'Padre Zé', 74, 'R');
insert into condutor (cpf, nome, dataNasc, idCategoriaCNH, endereco, bairro, idCidade, situacaoCNH) values (31905993426, 'Lori Branson', '30/4/1998', 'AB', '87 Waxwing Lane', 'Pedro Gondim', 73, 'S');
insert into condutor (cpf, nome, dataNasc, idCategoriaCNH, endereco, bairro, idCidade, situacaoCNH) values (99488764850, 'Jone McDonagh', '4/6/1997', 'AC', '1895 Rieder Plaza', 'Cristo Redentor', 36, 'R');
insert into condutor (cpf, nome, dataNasc, idCategoriaCNH, endereco, bairro, idCidade, situacaoCNH) values (23029963558, 'Evie Pressnell', '24/5/1956', 'AD', '5 Londonderry Avenue', 'Aeroclube', 50, 'S');
insert into condutor (cpf, nome, dataNasc, idCategoriaCNH, endereco, bairro, idCidade, situacaoCNH) values (67645436254, 'Dietrich Lavrick', '27/2/1961', 'AE', '141 Saint Paul Street', 'Brisamar', 28, 'R');
insert into condutor (cpf, nome, dataNasc, idCategoriaCNH, endereco, bairro, idCidade, situacaoCNH) values (20398995009, 'Merrie Littley', '16/4/1957', 'ACC', '694 Corry Crossing', 'José Américo', 32, 'S');
insert into condutor (cpf, nome, dataNasc, idCategoriaCNH, endereco, bairro, idCidade, situacaoCNH) values (67888622717, 'Dermot Huguet', '21/11/1978', 'A', '75977 Hanson Street', 'Manaíra', 46, 'R');
insert into condutor (cpf, nome, dataNasc, idCategoriaCNH, endereco, bairro, idCidade, situacaoCNH) values (17119881561, 'Catlin Priestner', '1/5/1962', 'B', '7319 Mallard Trail', 'Bessa', 75, 'S');
insert into condutor (cpf, nome, dataNasc, idCategoriaCNH, endereco, bairro, idCidade, situacaoCNH) values (17018467193, 'Joelle Semrad', '15/11/1999', 'C', '84 Graedel Center', 'Funcionários II', 39, 'S');
insert into condutor (cpf, nome, dataNasc, idCategoriaCNH, endereco, bairro, idCidade, situacaoCNH) values (50212675360, 'Lemar Doorly', '25/4/1964', 'D', '8946 Stuart Street', 'Ilha do Bispo', 36, 'R');
insert into condutor (cpf, nome, dataNasc, idCategoriaCNH, endereco, bairro, idCidade, situacaoCNH) values (85457971457, 'Livvyy Shaxby', '16/5/1993', 'E', '50 Duke Court', 'Bairro dos Estados', 20, 'S');
insert into condutor (cpf, nome, dataNasc, idCategoriaCNH, endereco, bairro, idCidade, situacaoCNH) values (43797357705, 'Waiter Hampshaw', '12/9/1956', 'AB', '6 Norway Maple Junction', 'Cuiá', 15, 'R');
insert into condutor (cpf, nome, dataNasc, idCategoriaCNH, endereco, bairro, idCidade, situacaoCNH) values (13863842024, 'Hadrian Mildner', '9/5/1961', 'AC', '09581 Rowland Hill', 'Ilha do Bispo', 60, 'S');
insert into condutor (cpf, nome, dataNasc, idCategoriaCNH, endereco, bairro, idCidade, situacaoCNH) values (93357805455, 'Ewan Barabisch', '3/10/1983', 'AD', '1 Crownhardt Way', 'Paratibe', 66, 'R');
insert into condutor (cpf, nome, dataNasc, idCategoriaCNH, endereco, bairro, idCidade, situacaoCNH) values (54740909545, 'Halette Bouskill', '8/12/1977', 'AE', '62 Bay Way', 'Aeroclube', 74, 'S');
insert into condutor (cpf, nome, dataNasc, idCategoriaCNH, endereco, bairro, idCidade, situacaoCNH) values (23022362472, 'Wolfie Boerderman', '30/3/1969', 'ACC', '69 8th Court', 'Jardim 13 de Maio', 31, 'R');


/*************************************************************************************************
*
*  #5 marca
*
************************************************************************************************/

INSERT INTO marca (nome, origem) values ('Honda', 'Japão');
INSERT INTO marca (nome, origem) values ('Toyota', 'Japão');
INSERT INTO marca (nome, origem) values ('Chevrolet', 'EUA');
INSERT INTO marca (nome, origem) values ('BMW', 'Alemanha');
INSERT INTO marca (nome, origem) values ('Ford', 'EUA');
INSERT INTO marca (nome, origem) values ('Audi', 'Alemanha');
INSERT INTO marca (nome, origem) values ('Volkswagen', 'Alemanha');
INSERT INTO marca (nome, origem) values ('Fiat', 'Itália');
INSERT INTO marca (nome, origem) values ('Nissan', 'Japão');
INSERT INTO marca (nome, origem) values ('Hyundai', 'Coréia do Sul');
INSERT INTO marca (nome, origem) values ('Renault', 'França');

/*************************************************************************************************
*
*  #6 tipo
*
************************************************************************************************/

INSERT INTO tipo (descricao) values ('motocicleta');
INSERT INTO tipo (descricao) values ('motoneta');
INSERT INTO tipo (descricao) values ('triciclo');
INSERT INTO tipo (descricao) values ('quadriciclo');
INSERT INTO tipo (descricao) values ('automóvel');
INSERT INTO tipo (descricao) values ('microônibus');
INSERT INTO tipo (descricao) values ('ônibus');
INSERT INTO tipo (descricao) values ('reboque');
INSERT INTO tipo (descricao) values ('charrete');
INSERT INTO tipo (descricao) values ('caminhonete');
INSERT INTO tipo (descricao) values ('caminhão');
INSERT INTO tipo (descricao) values ('carroça');
INSERT INTO tipo (descricao) values ('trator de rodas');
INSERT INTO tipo (descricao) values ('trator de esteira');
INSERT INTO tipo (descricao) values ('trator misto');
INSERT INTO tipo (descricao) values ('furgão');

/*************************************************************************************************
*
*  #7 modelo
*
************************************************************************************************/

INSERT INTO modelo (denominacao, idMarca, idTipo) VALUES ('Civic', 1, 5);
INSERT INTO modelo (denominacao, idMarca, idTipo) VALUES ('Clarity', 1, 5);
INSERT INTO modelo (denominacao, idMarca, idTipo) VALUES ('CB Hornet', 1 , 1);
INSERT INTO modelo (denominacao, idMarca, idTipo) VALUES ('Activa 5G',1 , 1);
INSERT INTO modelo (denominacao, idMarca, idTipo) VALUES ('Shine SP',1 , 1);
INSERT INTO modelo (denominacao, idMarca, idTipo) VALUES ('Fit',1 , 5);
INSERT INTO modelo (denominacao, idMarca, idTipo) VALUES ('M340i Sedan', 4, 5);
INSERT INTO modelo (denominacao, idMarca, idTipo) VALUES ('M550i xDrive Sedan', 4, 5);
INSERT INTO modelo (denominacao, idMarca, idTipo) VALUES ('M760i xDrive Sedan', 4, 5);
INSERT INTO modelo (denominacao, idMarca, idTipo) VALUES ('M850i xDrive Coupe', 4, 5);
INSERT INTO modelo (denominacao, idMarca, idTipo) VALUES ('Jetta', 7, 5);
INSERT INTO modelo (denominacao, idMarca, idTipo) VALUES ('Passat', 7, 5);
INSERT INTO modelo (denominacao, idMarca, idTipo) VALUES ('Golf', 7, 5);
INSERT INTO modelo (denominacao, idMarca, idTipo) VALUES ('Gol', 7, 5);
INSERT INTO modelo (denominacao, idMarca, idTipo) VALUES ('Amarok', 7, 10);
INSERT INTO modelo (denominacao, idMarca, idTipo) VALUES ('Duster', 11, 5);
INSERT INTO modelo (denominacao, idMarca, idTipo) VALUES ('Clio', 11, 5);
INSERT INTO modelo (denominacao, idMarca, idTipo) VALUES ('Sandero', 11, 5);
INSERT INTO modelo (denominacao, idMarca, idTipo) VALUES ('i30', 10, 5);
INSERT INTO modelo (denominacao, idMarca, idTipo) VALUES ('HB20', 10, 5);
INSERT INTO modelo (denominacao, idMarca, idTipo) VALUES ('A3', 6, 5);
INSERT INTO modelo (denominacao, idMarca, idTipo) VALUES ('Palio', 2, 10);
INSERT INTO modelo (denominacao, idMarca, idTipo) VALUES ('Stilo', 8, 5);
INSERT INTO modelo (denominacao, idMarca, idTipo) VALUES ('Uno', 8, 5);

/*************************************************************************************************
*
*  #8 infracao
*
************************************************************************************************/

-- ref.: http://www.pmfi.pr.gov.br/Portal/VisualizaObj.aspx?IDObj=11179

INSERT INTO infracao (descricao, pontos, valor) VALUES ('DIRIGIR VEICULO S/ POSSUIR CNH OU PERMISSAO PARA DIRIGIR', 7, 574.62);
INSERT INTO infracao (descricao, pontos, valor) VALUES ('DIRIGIR VEICULO C/ CNH OU PERMISSAO P/ DIRIGIR CASSADA', 7, 957.7);
INSERT INTO infracao (descricao, pontos, valor) VALUES ('DIRIGIR VEIC C/ CNH OU PERMISSAO P/DIRIGIR CATEG DIFERENTE', 7, 574.62);
INSERT INTO infracao (descricao, pontos, valor) VALUES ('DIRIGIR VEIC C/ VALIDADE DE CNH VENCIDA HA MAIS DE 30 DIAS', 7, 191.54);
INSERT INTO infracao (descricao, pontos, valor) VALUES ('DIRIGIR S/ USAR LENTES, APAR, ETC IMPOSTAS PELA LICENCA', 7, 191.54);
INSERT INTO infracao (descricao, pontos, valor) VALUES ('ENTREGAR DIREC VEIC PESSOA S/ CNH/PERMISSAO P/ DIRIGIR', 7, 574.62);
INSERT INTO infracao (descricao, pontos, valor) VALUES ('ENTREGAR DIREC VEIC PESSOA C/ CNH/PERMISSAO CASSADA', 7, 957.7);
INSERT INTO infracao (descricao, pontos, valor) VALUES ('ENTREGAR DIREC VEIC PESSOA CNH/PERMISSAO CAT DIFERENTE', 7, 574.62);
INSERT INTO infracao (descricao, pontos, valor) VALUES ('ENTREGAR DIREC VEIC PESSOA CNH/PERMISSAO VENCIDA + 30DIAS', 7, 191.54);
INSERT INTO infracao (descricao, pontos, valor) VALUES ('ENTREGAR DIREC VEIC PESSOA S/ LENTES,ETC IMPOSTAS LICENCA', 7, 191.54);
INSERT INTO infracao (descricao, pontos, valor) VALUES ('PERMITIR TOME POSSE VEIC PESSOA S/ CNH PERMISSAO P/DIRIGIR', 7, 574.62);
INSERT INTO infracao (descricao, pontos, valor) VALUES ('PERMITIR TOME POSSE VEIC PESSOA C/ CNH/PERMISSAO CASSADA', 7, 957.7);
INSERT INTO infracao (descricao, pontos, valor) VALUES ('PERMITIR TOME POSSE VEIC PESSOA CNH/PERMISSAO CAT DIFERENT', 7, 574.62);
INSERT INTO infracao (descricao, pontos, valor) VALUES ('PERMITIR TOME POSSE VEIC PESSOA CNH/PERMISSAO VENC + 30DIA', 7, 191.54);
INSERT INTO infracao (descricao, pontos, valor) VALUES ('PERMITIR TOME POSSE VEIC PESSOA S/ LENTES,ETC IMPOSTAS LIC', 7, 191.54);
INSERT INTO infracao (descricao, pontos, valor) VALUES ('DIRIGIR SOB INFLUENCIA ALCOOL NIVEL SUP. OU ENTORPECENTE', 7, 957.7);
INSERT INTO infracao (descricao, pontos, valor) VALUES ('ENTREGAR VEIC A PESSOA NAO ESTIVER CONDICOES DE DIRIGIR', 7, 191.54);
INSERT INTO infracao (descricao, pontos, valor) VALUES ('DEIXAR O CONDUTOR/PASSAGEIRO DE USAR O CINTO DE SEGURANCA', 5, 127.69);
INSERT INTO infracao (descricao, pontos, valor) VALUES ('TRANSPORTAR CRIANCAS EM VEIC S/ OBSERVAR NORMAS', 7, 191.54);
INSERT INTO infracao (descricao, pontos, valor) VALUES ('DIRIGIR SEM OS CUIDADOS INDISPENSAVEIS A SEGURANCA', 3, 53.2);
INSERT INTO infracao (descricao, pontos, valor) VALUES ('DIRIGIR AMEACANDO PEDESTRES ESTEJAM NA VIA PUBLICA', 7, 191.54);
INSERT INTO infracao (descricao, pontos, valor) VALUES ('USAR VEIC PARA ARREMESSAR SOBRE PEDESTRES AGUA, ETC', 4, 85.13);
INSERT INTO infracao (descricao, pontos, valor) VALUES ('ATIRAR OU ABANDONAR NA VIA OBJETOS OU SUBSTANCIAS', 4, 85.13);
INSERT INTO infracao (descricao, pontos, valor) VALUES ('DISPUTAR CORRIDA POR ESPIRITO DE EMULACAO', 7, 574.62);
INSERT INTO infracao (descricao, pontos, valor) VALUES ('PROMOVER NA VIA COMPETICAO, EVENTOS, ETC S/ PERMISSAO', 7, 957.7);
INSERT INTO infracao (descricao, pontos, valor) VALUES ('PARTICIPAR NA VIA COMO CONDUTOR DE COMPETICAO, EVENTOS', 7, 191.54);
INSERT INTO infracao (descricao, pontos, valor) VALUES ('UTILIZAR-SE DE VEIC P/ DEMONSTRAR MANOBRA PERIGOSA', 7, 191.54);
INSERT INTO infracao (descricao, pontos, valor) VALUES ('EM ACIDENTE, NAO PRESTAR SOCORRO A VITIMA', 7, 957.7);
INSERT INTO infracao (descricao, pontos, valor) VALUES ('EM ACIDENTE, NAO ADOTAR PROVIDENCIAS P/ EVITAR PERIGO', 7, 957.7);
INSERT INTO infracao (descricao, pontos, valor) VALUES ('EM ACIDENTE, NAO PRESERVAR O LOCAL P/ FACILITAR TRABALHO', 7, 957.7);
INSERT INTO infracao (descricao, pontos, valor) VALUES ('EM ACIDENTE, NAO ADOTAR PROVIDENCIAS P/ REMOVER VEIC', 7, 957.7);
INSERT INTO infracao (descricao, pontos, valor) VALUES ('EM ACIDENTE, NAO IDENTIFICAR-SE AO POLICIAL', 7, 957.7);
INSERT INTO infracao (descricao, pontos, valor) VALUES ('DEIXAR O CONDUTOR DE PRESTAR SOCORRO A VITIMA QDO SOLIC', 5, 127.69);
INSERT INTO infracao (descricao, pontos, valor) VALUES ('DEIXAR DE REMOVER VEICULO ENVOLVIDO EM ACIDENTE SEM VITIMA', 4, 85.13);
INSERT INTO infracao (descricao, pontos, valor) VALUES ('REPARAR VEIC EM ROD E VIA TRANS RAPIDO QDO POSS REMOCAO', 5, 127.69);
INSERT INTO infracao (descricao, pontos, valor) VALUES ('REPARAR VEICULO NAS DEMAIS VIAS QUANDO POSSIVEL REMOCAO', 3, 53.2);
INSERT INTO infracao (descricao, pontos, valor) VALUES ('VEICULO IMOBILIZADO NA VIA POR FALTA DE COMBUSTIVEL', 4, 85.13);
INSERT INTO infracao (descricao, pontos, valor) VALUES ('ESTACIONAR A MENOS DE 5M DO ALINHAMENTO DA VIA TRANSVERSAL', 4, 85.13);
INSERT INTO infracao (descricao, pontos, valor) VALUES ('ESTACIONAR AFASTADO DA GUIA DE 50CM A 1M', 3, 53.2);
INSERT INTO infracao (descricao, pontos, valor) VALUES ('ESTACIONAR AFASTADO DA GUIA A MAIS DE 1M', 5, 127.69);
INSERT INTO infracao (descricao, pontos, valor) VALUES ('ESTACIONAR EM DESACORDO COM O ESTABELECIDO PELO CODIGO', 4, 85.13);
INSERT INTO infracao (descricao, pontos, valor) VALUES ('ESTACIONAR NA PISTA DE ROLAMENTO DAS VIAS COM ACOSTAMENTO', 7, 191.54);
INSERT INTO infracao (descricao, pontos, valor) VALUES ('ESTACIONAR VEIC JUNTO A HIDRANTES, REGISTROS, ETC', 4, 85.13);
INSERT INTO infracao (descricao, pontos, valor) VALUES ('ESTACIONAR JUNTO/SOBRE HIDRANTE', 4, 85.13);
INSERT INTO infracao (descricao, pontos, valor) VALUES ('ESTACIONAR JUNTO/SOBRE REGISTRO DE AGUA', 4, 85.13);
INSERT INTO infracao (descricao, pontos, valor) VALUES ('ESTACIONAR JUNTO/SOBRE TAMPA DE PV DE GALERIA SUBTERRANEA', 4, 85.13);
INSERT INTO infracao (descricao, pontos, valor) VALUES ('ESTACIONAR NO ACOSTAMENTO', 3, 53.2);
INSERT INTO infracao (descricao, pontos, valor) VALUES ('ESTACIONAR VEIC NO PASSEIO, FAIXA DE PEDESTRES, ETC', 5, 127.69);
INSERT INTO infracao (descricao, pontos, valor) VALUES ('ESTACIONAR NO PASSEIO', 5, 127.69);
INSERT INTO infracao (descricao, pontos, valor) VALUES ('ESTACIONAR SOBRE FAIXA DE PEDESTRES', 5, 127.69);
INSERT INTO infracao (descricao, pontos, valor) VALUES ('ESTACIONAR SOBRE CICLOVIA OU CICLO FAIXA', 5, 127.69);
INSERT INTO infracao (descricao, pontos, valor) VALUES ('ESTACIONAR AO LADO OU SOBRE CANTEIRO CENTRAL, ILHAS,ETC', 5, 127.69);
INSERT INTO infracao (descricao, pontos, valor) VALUES ('ESTACIONAR SOBRE GRAMADO OU JARDIM PUBLICO', 5, 127.69);
INSERT INTO infracao (descricao, pontos, valor) VALUES ('ESTACIONAR DIANTE GUIA REBAIXADA ENTRADA/SAIDA VEICULOS', 4, 85.13);
INSERT INTO infracao (descricao, pontos, valor) VALUES ('ESTACIONAR IMPEDINDO MOVIMENTACAO DE OUTRO VEICULO', 4, 85.13);
INSERT INTO infracao (descricao, pontos, valor) VALUES ('ESTACIONAR AO LADO DE OUTRO VEICULO(FILA DUPLA)', 5, 127.69);
INSERT INTO infracao (descricao, pontos, valor) VALUES ('ESTACIONAR NO CRUZAMENTO PREJUDICANDO CIRC VEIC/PEDESTRES', 5, 127.69);
INSERT INTO infracao (descricao, pontos, valor) VALUES ('ESTACIONAR JUNTO PONTO EMB/DESEMB TRANSPORTE COLETIVO', 4, 85.13);
INSERT INTO infracao (descricao, pontos, valor) VALUES ('ESTACIONAR O VEICULO NOS VIADUTOS, PONTES E TUNEIS', 5, 127.69);
INSERT INTO infracao (descricao, pontos, valor) VALUES ('ESTACIONAR VEICULO EM VIADUTO', 5, 127.69);
INSERT INTO infracao (descricao, pontos, valor) VALUES ('ESTACIONAR VEICULO EM PONTE', 5, 127.69);
INSERT INTO infracao (descricao, pontos, valor) VALUES ('ESTACIONAR VEICULO EM TUNEL', 5, 127.69);
INSERT INTO infracao (descricao, pontos, valor) VALUES ('ESTACIONAR O VEICULO NA CONTRAMAO DE DIRECAO', 4, 85.13);
INSERT INTO infracao (descricao, pontos, valor) VALUES ('ESTACIONAR EM ACLIVE/DECLIVE S/ CALCO (VEIC ACIMA 3500KG)', 5, 127.69);
INSERT INTO infracao (descricao, pontos, valor) VALUES ('ESTACIONAR EM DESACORDO COM A REGULAMENTACAO', 3, 53.2);
INSERT INTO infracao (descricao, pontos, valor) VALUES ('ESTACIONAR EM LOCAL/HORARIO PROIBIDOS PELA SINALIZACAO', 4, 85.13);
INSERT INTO infracao (descricao, pontos, valor) VALUES ('ESTACIONAR EM LOCAL/HORA COM SINALIZ PROIBIDO PARADA/ESTAC', 5, 127.69);
INSERT INTO infracao (descricao, pontos, valor) VALUES ('PARAR A MENOS DE 5M DO ALINHAMENTO DA VIA TRANSVERSAL', 4, 85.13);
INSERT INTO infracao (descricao, pontos, valor) VALUES ('PARAR AFASTADO DA GUIA DE 50CM A 1M', 3, 53.2);
INSERT INTO infracao (descricao, pontos, valor) VALUES ('PARAR AFASTADO DA GUIA A MAIS DE 1M', 4, 85.13);
INSERT INTO infracao (descricao, pontos, valor) VALUES ('PARAR EM DESACORDO COM ESTABELECIDO PELO CODIGO', 3, 53.2);
INSERT INTO infracao (descricao, pontos, valor) VALUES ('PARAR NA PISTA DE ROLAMENTO DAS VIAS COM ACOSTAMENTO', 5, 127.69);
INSERT INTO infracao (descricao, pontos, valor) VALUES ('PARAR VEIC NO PASSEIO OU FAIXA DE PEDESTRES, ETC', 3, 53.2);
INSERT INTO infracao (descricao, pontos, valor) VALUES ('PARAR NO PASSEIO', 3, 53.2);
INSERT INTO infracao (descricao, pontos, valor) VALUES ('PARAR SOBRE A FAIXA DE PEDESTRE', 3, 53.2);
INSERT INTO infracao (descricao, pontos, valor) VALUES ('PARAR EM ILHAS, CANTEIRO CENTRAL E MARCAS DE CANALIZACAO', 3, 53.2);
INSERT INTO infracao (descricao, pontos, valor) VALUES ('PARAR NA AREA CRUZAMENTO PREJUD CIRC VEICULOS/PEDESTRES', 4, 85.13);
INSERT INTO infracao (descricao, pontos, valor) VALUES ('PARAR VEIC NOS VIADUTOS, PONTES E TUNEIS', 4, 85.13);
INSERT INTO infracao (descricao, pontos, valor) VALUES ('PARAR VEICULO EM VIADUTOS', 4, 85.13);
INSERT INTO infracao (descricao, pontos, valor) VALUES ('PARAR VEICULO EM PONTES', 4, 85.13);
INSERT INTO infracao (descricao, pontos, valor) VALUES ('PARAR VEICULO EM TUNEIS', 4, 85.13);
INSERT INTO infracao (descricao, pontos, valor) VALUES ('PARAR VEICULO NA CONTRAMAO DE DIRECAO', 4, 85.13);
INSERT INTO infracao (descricao, pontos, valor) VALUES ('PARAR EM LOCAL/HORA PROIBIDO PELA SINALIZACAO', 4, 85.13);
INSERT INTO infracao (descricao, pontos, valor) VALUES ('PARAR SOBRE FAIXA DE PEDESTRE NA MUDANCA DE SEMAFORO(ELET)', 4, 85.13);
INSERT INTO infracao (descricao, pontos, valor) VALUES ('PARAR VEIC SOBRE FX DE PEDESTRE MUDANCA DE SEMAFORO', 4, 85.13);
INSERT INTO infracao (descricao, pontos, valor) VALUES ('TRANSITAR C/ VEIC NA FAIXA DIREITA DE CIRCULACAO EXCLUSIVA', 3, 53.2);
INSERT INTO infracao (descricao, pontos, valor) VALUES ('TRANSITAR C/VEIC NA FAIXA ESQUERDA DE CIRCULACAO EXCLUSIVA', 5, 127.69);
INSERT INTO infracao (descricao, pontos, valor) VALUES ('QDO VEIC EM MOV DEIXAR DE CONSERVA-LO FAIXA DESTINADA', 4, 85.13);
INSERT INTO infracao (descricao, pontos, valor) VALUES ('QDO VEIC LENTO DEIXAR DE CONSERVA-LO NAS FAIXAS DA DIREITA', 4, 85.13);
INSERT INTO infracao (descricao, pontos, valor) VALUES ('TRANSITAR PELA CONTRAMAO EM VIAS DE DUPLO SENTIDO', 5, 127.69);
INSERT INTO infracao (descricao, pontos, valor) VALUES ('TRANSITAR PELA CONTRAMAO VIAS C/ SINALIZ SENTIDO UNICO', 7, 191.54);
INSERT INTO infracao (descricao, pontos, valor) VALUES ('TRANSITAR LOCAL/HORARIO NAO PERMITIDO', 4, 85.13);
INSERT INTO infracao (descricao, pontos, valor) VALUES ('TRANSITAR LOCAL/HORARIO NAO PERMITIDO PARA CAMINHOES,ONIB', 5, 127.69);
INSERT INTO infracao (descricao, pontos, valor) VALUES ('TRANSITAR AO LADO DE OUTRO VEIC INTERROMPENDO O TRANSITO', 4, 85.13);
INSERT INTO infracao (descricao, pontos, valor) VALUES ('DEIXAR DE DAR PASSAGEM VEIC SOCORRO, DE INCENDIO E SALVAM', 7, 191.54);
INSERT INTO infracao (descricao, pontos, valor) VALUES ('NAO DAR PASSAGEM A VEICULO PRECEDIDO BATEDORES', 7, 191.54);
INSERT INTO infracao (descricao, pontos, valor) VALUES ('NAO DAR PASSAGEM A VEIC DE SOCORRO INCENDIO/SALVAMENTO', 7, 191.54);
INSERT INTO infracao (descricao, pontos, valor) VALUES ('NAO DAR PASSAGEM A VEICULO DE POLICIA', 7, 191.54);
INSERT INTO infracao (descricao, pontos, valor) VALUES ('NAO DAR PASSAGEM A VEIC OPER E FISCAL DE TRANSITO', 7, 191.54);
INSERT INTO infracao (descricao, pontos, valor) VALUES ('NAO DAR PASSAGEM A AMBULANCIAS', 7, 191.54);
INSERT INTO infracao (descricao, pontos, valor) VALUES ('SEGUIR VEIC EM SERVICO DE URGENCIA C/PRIORIDADE PASSAGEM', 5, 127.69);
INSERT INTO infracao (descricao, pontos, valor) VALUES ('FORCAR PASSAGEM ENTRE VEICULOS TRANS SENTIDO OPOSTO', 7, 191.54);
INSERT INTO infracao (descricao, pontos, valor) VALUES ('DEIXAR DE GUARDAR DIST LAT E FRONTAL ENTRE VEIC OU BORDO', 5, 127.69);
INSERT INTO infracao (descricao, pontos, valor) VALUES ('TRANSITAR C/ O VEIC EM CALCADAS, PASSEIOS, PASSARELAS', 7, 574.62);
INSERT INTO infracao (descricao, pontos, valor) VALUES ('TRANSITAR EM CALCADAS, PASSEIOS E PASSARELAS', 7, 574.62);
INSERT INTO infracao (descricao, pontos, valor) VALUES ('TRANSITAR EM CICLOVIAS/CICLOFAIXAS', 7, 574.62);
INSERT INTO infracao (descricao, pontos, valor) VALUES ('TRANSITAR EM AJARDINAMENTOS, GRAMADOS E JARDINS PUBLICOS', 7, 574.62);
INSERT INTO infracao (descricao, pontos, valor) VALUES ('TRANSITAR EM CANTEIRO CENTRAL/ACOSTAMENTO/MARCA CANALIZAC', 7, 574.62);
INSERT INTO infracao (descricao, pontos, valor) VALUES ('TRANSITAR EM MARCHA A RE SALVO EM PEQUENAS MANOBRAS', 5, 127.69);
INSERT INTO infracao (descricao, pontos, valor) VALUES ('DESOBEDECER ORDEM DA AUTORIDADE/AGENTE DE TRANSITO', 5, 127.69);
INSERT INTO infracao (descricao, pontos, valor) VALUES ('DEIXAR DE INDICAR MEDIANTE GESTO REALIZACAO DE MANOBRA', 5, 127.69);
INSERT INTO infracao (descricao, pontos, valor) VALUES ('NAO FAZER SINAL BRACO/LUMINOSO ANTES DE INICIAR MARCHA', 5, 127.69);
INSERT INTO infracao (descricao, pontos, valor) VALUES ('NAO FAZER SINAL BRACO/LUMINOSO ANTES DE PARAR VEICULO', 5, 127.69);
INSERT INTO infracao (descricao, pontos, valor) VALUES ('NAO FAZER SINAL BRACO/LUMINOSO ANTES DE MUDAR DE DIRECAO', 5, 127.69);
INSERT INTO infracao (descricao, pontos, valor) VALUES ('NAO FAZER SINAL BRACO/LUMINOSO ANTES DE MUDAR DE FAIXA', 5, 127.69);
INSERT INTO infracao (descricao, pontos, valor) VALUES ('DEIXAR DE DESLOCAR VEIC P/ MAIS ESQ OU DIR QDO MANOBRA', 4, 85.13);
INSERT INTO infracao (descricao, pontos, valor) VALUES ('NAO DESLOCAR VEIC C/ ANTECEDENCIA P/ MANOBRAR A ESQUERDA', 4, 85.13);
INSERT INTO infracao (descricao, pontos, valor) VALUES ('NAO DESLOCAR VEIC C/ ANTECEDENCIA P/ MANOBRAR A DIREITA', 4, 85.13);
INSERT INTO infracao (descricao, pontos, valor) VALUES ('NAO DAR PASSAGEM PELA ESQUERDA QUANDO SOLICITADO', 4, 85.13);
INSERT INTO infracao (descricao, pontos, valor) VALUES ('ULTRAPASSAR PELA DIREITA', 4, 85.13);
INSERT INTO infracao (descricao, pontos, valor) VALUES ('ULTRAPASSAR P/DIR VEIC TRANSP COL/ESC PARADO P/ EMB/DESEMB', 7, 191.54);
INSERT INTO infracao (descricao, pontos, valor) VALUES ('NAO GUARDAR DISTANCIA LATERAL AO ULTRAPASSAR BICICLETA', 4, 85.13);
INSERT INTO infracao (descricao, pontos, valor) VALUES ('ULTRAPASSAR VEICULO PELO ACOSTAMENTO', 5, 127.69);
INSERT INTO infracao (descricao, pontos, valor) VALUES ('ULTRAPASSAR VEICULO EM INTERSECOES E PASSAGENS DE NIVEL', 5, 127.69);
INSERT INTO infracao (descricao, pontos, valor) VALUES ('ULTRAPASSAR PELA CONTRAMAO VEIC NAS CURVAS S/ VISIBILIDADE', 7, 191.54);
INSERT INTO infracao (descricao, pontos, valor) VALUES ('ULTRAPASSAR PELA CONTRAMAO EM CURVA SEM VISIBILIDADE', 7, 191.54);
INSERT INTO infracao (descricao, pontos, valor) VALUES ('ULTREPASSAR P/CONTRAMAO EM ACLIVE/DECLIVE S/VISIBILIDADE', 7, 191.54);
INSERT INTO infracao (descricao, pontos, valor) VALUES ('ULTRAPASSAR PELA CONTRAMAO NA FAIXA DE PEDESTRES', 7, 191.54);
INSERT INTO infracao (descricao, pontos, valor) VALUES ('ULTRAPASSAR PELA CONTRAMAO VEIC NAS PONTES, VIADUTOS, ETC', 7, 191.54);
INSERT INTO infracao (descricao, pontos, valor) VALUES ('ULTRAPASSAR PELA CONTRAMAO EM PONTES', 7, 191.54);
INSERT INTO infracao (descricao, pontos, valor) VALUES ('ULTRAPASSAR PELA CONTRAMAO EM VIADUTOS', 7, 191.54);
INSERT INTO infracao (descricao, pontos, valor) VALUES ('ULTRAPASSAR PELA CONTRAMAO EM TUNEIS', 7, 191.54);
INSERT INTO infracao (descricao, pontos, valor) VALUES ('ULTRAP PELA CONTRAMAO VEIC PARADO EM FILA, JUNTO A SINALIZ', 7, 191.54);
INSERT INTO infracao (descricao, pontos, valor) VALUES ('ULTRAPASSAR P/CONTRAMAO VEICULO PARADO JUNTO A SEMAFORO', 7, 191.54);
INSERT INTO infracao (descricao, pontos, valor) VALUES ('ULTRAPASSAR P/CONTRAMAO VEICULO PARADO JUNTO A PORTEIRA', 7, 191.54);
INSERT INTO infracao (descricao, pontos, valor) VALUES ('ULTRAPASSAR P/CONTRAMAO VEICULO PARADO JUNTO A CANCELA', 7, 191.54);
INSERT INTO infracao (descricao, pontos, valor) VALUES ('ULTRAPASSAR P/CONTRAMAO VEICULO PARADO JUNTO A CRUZAMENTO', 7, 191.54);
INSERT INTO infracao (descricao, pontos, valor) VALUES ('ULTRAPASSAR P/CONTRAMAO VEICULO PARADO IMPEDINDO LIVRE CIR', 7, 191.54);
INSERT INTO infracao (descricao, pontos, valor) VALUES ('ULTRAPASSAR SOBRE LINHA DUPLA/SIMPLES AMARELA CONTINUA', 7, 191.54);
INSERT INTO infracao (descricao, pontos, valor) VALUES ('NAO PARAR NO ACOSTAMENTO A DIR P/CRUZAR A PISTA A ESQUERDA', 5, 127.69);
INSERT INTO infracao (descricao, pontos, valor) VALUES ('ULTRAPASSAR VEICULO DE CORTEJO/DESFILE/FORMACOES MILITARES', 3, 53.2);
INSERT INTO infracao (descricao, pontos, valor) VALUES ('EXECUTAR RETORNO EM LOCAL PROIBIDO PELA SINALIZACAO', 7, 191.54);
INSERT INTO infracao (descricao, pontos, valor) VALUES ('EXECUTAR OPERACAO DE RETORNO NAS CURVAS, ACLIVES, ETC', 7, 191.54);
INSERT INTO infracao (descricao, pontos, valor) VALUES ('EXECUTAR RETORNO EM CURVA', 7, 191.54);
INSERT INTO infracao (descricao, pontos, valor) VALUES ('EXECUTAR RETORNO EM ACLIVE/DECLIVE', 7, 191.54);
INSERT INTO infracao (descricao, pontos, valor) VALUES ('EXECUTAR RETORNO EM PONTES/VIADUTOS/TUNEIS', 7, 191.54);
INSERT INTO infracao (descricao, pontos, valor) VALUES ('RETORNAR SOBRE CALCADA/CANTEIRO/JARDIM/FAIXA PEDESTRE', 7, 191.54);
INSERT INTO infracao (descricao, pontos, valor) VALUES ('RETORNAR EM INTERSECOES PELA CONTRAMAO DA TRANSVERSAL', 7, 191.54);
INSERT INTO infracao (descricao, pontos, valor) VALUES ('EXECUTAR OPERACAO DE RETORNO C/ PREJUIZO DA SEGURANCA', 7, 191.54);
INSERT INTO infracao (descricao, pontos, valor) VALUES ('EXECUTAR RETORNO COM PREJUIZO DA LIVRE CIRCULACAO', 7, 191.54);
INSERT INTO infracao (descricao, pontos, valor) VALUES ('EXECUTAR RETORNO COM PREJUIZO DA SEGURANCA', 7, 191.54);
INSERT INTO infracao (descricao, pontos, valor) VALUES ('EXECUTAR OPER DE CONVERSAO A DIR OU A ESQ LOCAIS PROIBIDOS', 5, 127.69);
INSERT INTO infracao (descricao, pontos, valor) VALUES ('EXECUTAR CONVERSAO A DIREITA EM LOCAL PROIBIDO', 5, 127.69);
INSERT INTO infracao (descricao, pontos, valor) VALUES ('EXECUTAR CONVERSAO A ESQUERDA EM LOCAL PROIBIDO', 5, 127.69);
INSERT INTO infracao (descricao, pontos, valor) VALUES ('AVANCAR O SINAL VERMELHO DO SEMAFORO', 7, 191.54);
INSERT INTO infracao (descricao, pontos, valor) VALUES ('AVANCAR O SINAL DE PARADA OBRIGATORIA', 7, 191.54);
INSERT INTO infracao (descricao, pontos, valor) VALUES ('AVANCAR O SINAL VERMELHO DO SEMAFORO – FISCALIZAÇÃO ELETRONICA', 7, 191.54);
INSERT INTO infracao (descricao, pontos, valor) VALUES ('TRANSPOR BLOQUEIO VIARIO COM OU SEM SINALIZACAO OU DISPOSITIVOS AUXILIARES', 5, 127.69);
INSERT INTO infracao (descricao, pontos, valor) VALUES ('DEIXAR DE ADENTRAR AS AREAS DESTINADAS A PESAGEM DE VEICULOS', 5, 127.69);
INSERT INTO infracao (descricao, pontos, valor) VALUES ('EVADIR-SE SEM PAGAR PEDAGIO', 5, 127.69);
INSERT INTO infracao (descricao, pontos, valor) VALUES ('TRANSPOR BLOQUEIO VIARIO POLICIAL', 7, 191.54);
INSERT INTO infracao (descricao, pontos, valor) VALUES ('ULTRAPASSAR VEICULOS MOTORIZADOS EM FILA, PARADOS EM RAZAO DE SINAL LUMINOSO', 5, 127.69);
INSERT INTO infracao (descricao, pontos, valor) VALUES ('ULTRAPASSAR VEICULOS MOTORIZADOS EM FILA, PARADOS EM RAZAO DE CANCELA', 5, 127.69);
INSERT INTO infracao (descricao, pontos, valor) VALUES ('ULTRAPASSAR VEICULOS MOTORIZADOS EM FILA, PARADOS EM RAZAO DE BLOQUEIO VIARIO PARCIAL', 5, 127.69);
INSERT INTO infracao (descricao, pontos, valor) VALUES ('ULTRAPASSAR VEICULOS MOTORIZADOS EM FILA, PARADOS EM RAZAO DE QUALQUER BLOQUEIO', 5, 127.69);
INSERT INTO infracao (descricao, pontos, valor) VALUES ('NAO PARAR ANTES DE TRANSPOR LINHA FERREA', 7, 191.54);
INSERT INTO infracao (descricao, pontos, valor) VALUES ('NAO PARAR QUANDO INTERCEPTADO POR AGRUPAMENTOS DE PESSOAS', 7, 191.54);
INSERT INTO infracao (descricao, pontos, valor) VALUES ('NAO PARAR QUANDO INTERCEPTADO POR AGRUPAMENTOS DE VEICULOS', 5, 127.69);
INSERT INTO infracao (descricao, pontos, valor) VALUES ('DEIXAR DE DAR PREFERENCIA EM FAIXA DESTINADA A PEDESTRE', 7, 191.54);
INSERT INTO infracao (descricao, pontos, valor) VALUES ('NAO DAR PREFERENCIA A PEDESTRES NA FAIXA DESTINADA', 7, 191.54);
INSERT INTO infracao (descricao, pontos, valor) VALUES ('NAO DAR PREF A VEIC NAO MOTORIZADO NA FAIXA DESTINADA', 7, 191.54);
INSERT INTO infracao (descricao, pontos, valor) VALUES ('DEIXAR DE DAR PREF A PEDESTRE QUE NAO CONCLUIU TRAVESSIA', 7, 191.54);
INSERT INTO infracao (descricao, pontos, valor) VALUES ('NAO DAR PREFERENCIA A PEDESTRE QUE NAO CONCLUI TRAVESSIA', 7, 191.54);
INSERT INTO infracao (descricao, pontos, valor) VALUES ('NAO DAR PREFERENCIA A VEIC NAO MOTORIZADO NAO CONCLUIU TRA', 7, 191.54);
INSERT INTO infracao (descricao, pontos, valor) VALUES ('DEIXAR DE DAR PREFER A PEDESTRE PORTADOR DEFIC FISICA', 7, 191.54);
INSERT INTO infracao (descricao, pontos, valor) VALUES ('NAO DAR PREFERENCIA A DEFICIENTE/CRIANCA/IDOSO/GESTANTE', 7, 191.54);
INSERT INTO infracao (descricao, pontos, valor) VALUES ('NAO DAR PREFERENCIA A VEIC NAO MOTOR C/DEF/CRIAN/IDOS/GEST', 7, 191.54);
INSERT INTO infracao (descricao, pontos, valor) VALUES ('DEIXAR DE DAR PREFERENCIA A PEDESTRE INICIOU TRAVESSIA', 5, 127.69);
INSERT INTO infracao (descricao, pontos, valor) VALUES ('NAO DAR PREFERENCIA A PEDESTRE QDO INICIADA TRAVESSIA', 5, 127.69);
INSERT INTO infracao (descricao, pontos, valor) VALUES ('NAO DAR PREF A VEIC NAO MOTOR QDO INICIADA TRAVESSIA', 5, 127.69);
INSERT INTO infracao (descricao, pontos, valor) VALUES ('DEIXAR DE DAR PREFERENCIA A PEDESTRE ATRAVESSANDO A VIA', 5, 127.69);
INSERT INTO infracao (descricao, pontos, valor) VALUES ('NAO DAR PREFERENCIA A PEDESTRE ATRAVESSANDO A TRANSVERSAL', 5, 127.69);
INSERT INTO infracao (descricao, pontos, valor) VALUES ('NAO DAR PREF A VEIC NAO MOTOR ATRAVESSANDO A TRANSVERSAL', 5, 127.69);
INSERT INTO infracao (descricao, pontos, valor) VALUES ('DEIXAR DE DAR PREF EM INTERSECAO NAO SINALIZ.A VEIC CIRCUL', 5, 127.69);
INSERT INTO infracao (descricao, pontos, valor) VALUES ('NAO DAR PREFERENCIA A VEIC CIRC POR RODOVIA/ROTATORIA', 5, 127.69);
INSERT INTO infracao (descricao, pontos, valor) VALUES ('NAO DAR PREFERENCIA A VEIC VINDO DA DIREITA', 5, 127.69);
INSERT INTO infracao (descricao, pontos, valor) VALUES ('NAO DAR PREF SINALIZADA DE PREFERENCIA', 5, 127.69);
INSERT INTO infracao (descricao, pontos, valor) VALUES ('ENTRAR SAIR DE AREAS LINDEIRAS S/PREOCUPACAO C/A SEGURANCA', 4, 85.13);
INSERT INTO infracao (descricao, pontos, valor) VALUES ('ENTRAR/SAIR FILA ESTAC S/DAR PREF PASSAGEM', 4, 85.13);
INSERT INTO infracao (descricao, pontos, valor) VALUES ('TRANS VELOC SUP MAX PERM P/ROD TRAN RAP/ARTERIAL ATE 20%', 5, 127.69);
INSERT INTO infracao (descricao, pontos, valor) VALUES ('TRANS VELOC SUP MAX PERM P/ROD TRAN RAP/ARTERIAL MAIS 20%', 7, 574.62);
INSERT INTO infracao (descricao, pontos, valor) VALUES ('TRANS VELOC SUP MAX PERM P/VIA EM ATE 50%', 5, 127.69);
INSERT INTO infracao (descricao, pontos, valor) VALUES ('TRANS VELOC SUP MAX PERM P/VIA EM MAIS DE 50%', 7, 574.62);
INSERT INTO infracao (descricao, pontos, valor) VALUES ('TRANSITAR COM VELOC INFERIOR A METADE DA MAX P/A VIA', 4, 85.13);
INSERT INTO infracao (descricao, pontos, valor) VALUES ('VELOCIDADE INCOMPATIVEL PROX PASSEATAS, DESFILES ETCS', 7, 191.54);
INSERT INTO infracao (descricao, pontos, valor) VALUES ('VELOCIDADE INCOMPATIVEL EM LOCAL CONTROLADO POR AGENTE', 5, 127.69);
INSERT INTO infracao (descricao, pontos, valor) VALUES ('VELOCIDADE INCOMPATIVEL PROX DA GUIA OU ACOSTAMENTO', 5, 127.69);
INSERT INTO infracao (descricao, pontos, valor) VALUES ('VELOCIDADE INCOMPATIVEL EM INTERSECAO NAO SINALIZADA', 5, 127.69);
INSERT INTO infracao (descricao, pontos, valor) VALUES ('VELOCIDADE INCOMPATIVEL NAS VIAS RURAIS', 5, 127.69);
INSERT INTO infracao (descricao, pontos, valor) VALUES ('VELOCIDADE INCOMPATIVEL EM CURVAS DE PEQUENO RAIO', 5, 127.69);
INSERT INTO infracao (descricao, pontos, valor) VALUES ('VELOCIDADE INCOMPATIVEL PROX OBRA/TRABALHADOR NA PISTA', 5, 127.69);
INSERT INTO infracao (descricao, pontos, valor) VALUES ('VELOCIDADE INCOMPATIVEL SOB CHUVA/NEBLINA/VENTO FORTE', 5, 127.69);
INSERT INTO infracao (descricao, pontos, valor) VALUES ('VELOCIDADE INCOMPATIVEL QUANDO HOUVER MA VISIBILIDADE', 5, 127.69);
INSERT INTO infracao (descricao, pontos, valor) VALUES ('VELOCIDADE INCOMPATIVEL QDO PAV ESCORREGADIO/DEFEITUOSO', 5, 127.69);
INSERT INTO infracao (descricao, pontos, valor) VALUES ('VELOCIDADE INCOMPATIVEL A APROXIMACAO DE ANIMAIS NA PISTA', 5, 127.69);
INSERT INTO infracao (descricao, pontos, valor) VALUES ('VELOCIDADE INCOMPATIVEL EM DECLIVE', 5, 127.69);
INSERT INTO infracao (descricao, pontos, valor) VALUES ('VELOCIDADE INCOMPATIVEL AO ULTRAPASSAR CICLISTA', 5, 127.69);
INSERT INTO infracao (descricao, pontos, valor) VALUES ('DEIXAR DE REDUZIR VELOC PROXIMO A ESCOLAS, ETC', 7, 191.54);
INSERT INTO infracao (descricao, pontos, valor) VALUES ('VELOCIDADE INCOMPATIVEL PROX A ESCOLAS', 7, 191.54);
INSERT INTO infracao (descricao, pontos, valor) VALUES ('VELOCIDADE INCOMPATIVEL PROX A HOSPITAIS', 7, 191.54);
INSERT INTO infracao (descricao, pontos, valor) VALUES ('VELOCIDADE INCOMPATIVEL PROX ESTACAO DE EMB/DESEMB PASSAG', 7, 191.54);
INSERT INTO infracao (descricao, pontos, valor) VALUES ('VELOCIDADE INCOMPATIVEL A INTENSA MOVIMENTACAO PEDESTRE', 7, 191.54);
INSERT INTO infracao (descricao, pontos, valor) VALUES ('PORTAR NO VEIC PLACAS EM DESACORDO C/ MODELOS CONTRAN', 4, 85.13);
INSERT INTO infracao (descricao, pontos, valor) VALUES ('CONFECCIONAR,DISTRIBUIR PLACAS EM DESACORDO C/CONTRAN', 4, 85.13);
INSERT INTO infracao (descricao, pontos, valor) VALUES ('DEIXAR MANTER LIGADO EM SITUACOES EMERG A ILUMINACAO', 4, 85.13);
INSERT INTO infracao (descricao, pontos, valor) VALUES ('TRANSITAR COM LUZ ALTA PERTURBANDO VISAO DE CONDUTOR', 5, 127.69);
INSERT INTO infracao (descricao, pontos, valor) VALUES ('FAZER USO DE LUZ ALTA EM VIAS PROVIDAS DE ILUMIN PUBLICA', 3, 53.2);
INSERT INTO infracao (descricao, pontos, valor) VALUES ('NAO SINALIZAR VIA VEIC P/REMOCAO OU PERM NO ACOSTAMENTO', 5, 127.69);
INSERT INTO infracao (descricao, pontos, valor) VALUES ('NAO SINALIZAR VIA VEIC P/REMOCAO OU PERM NO ACOSTAMENTO', 5, 127.69);
INSERT INTO infracao (descricao, pontos, valor) VALUES ('NAO RETIRAR OBJETO PARA SINALIZACAO TEMPORARIA DA VIA', 4, 85.13);
INSERT INTO infracao (descricao, pontos, valor) VALUES ('USAR BUZINA PROLONGADA/SUCESSIVAMENTE A QUALQUER PRETEXTO', 3, 53.2);
INSERT INTO infracao (descricao, pontos, valor) VALUES ('USAR BUZINA NAO COMO ADVERTENCIA A PEDESTRES/CONDUTORES', 3, 53.2);
INSERT INTO infracao (descricao, pontos, valor) VALUES ('USAR BUZINA ENTRE AS 22H E 6H', 3, 53.2);
INSERT INTO infracao (descricao, pontos, valor) VALUES ('USAR BUZINA EM LOCAL/HORA PROIBIDOS PELA SINALIZACAO', 3, 53.2);
INSERT INTO infracao (descricao, pontos, valor) VALUES ('USAR BUZINA EM DES C/PADROES ESTABELECIDOS PELO CONTRAN', 3, 53.2);
INSERT INTO infracao (descricao, pontos, valor) VALUES ('USAR NO VEIC SOM EM VOLUME E FREQUENCIA NAO AUTORIZ', 5, 127.69);
INSERT INTO infracao (descricao, pontos, valor) VALUES ('USAR INDEV NO VEIC APARELHO PERTUBE SOSSEGO PUBLICO', 4, 85.13);
INSERT INTO infracao (descricao, pontos, valor) VALUES ('CONDUZIR O VEIC C/ O LACRE, ETC OU OUTRO ELEM VIOLADO', 7, 191.54);
INSERT INTO infracao (descricao, pontos, valor) VALUES ('CONDUZIR O VEIC TRANSP PASSAGEIROS COMPART DE CARGA', 7, 191.54);
INSERT INTO infracao (descricao, pontos, valor) VALUES ('CONDUZIR O VEIC COM DISPOSITIVO ANTI-RADAR', 7, 191.54);
INSERT INTO infracao (descricao, pontos, valor) VALUES ('CONDUZIR VEIC SEM QUALQUER UMA DAS PLACAS DE IDENTIFICACAO', 7, 191.54);
INSERT INTO infracao (descricao, pontos, valor) VALUES ('CONDUZIR O VEIC NAO REGISTRADO E DEVIDAM LICENCIADO', 7, 191.54);
INSERT INTO infracao (descricao, pontos, valor) VALUES ('CONDUZIR VEIC C/QUALQUER UMA PLACA S/CONDICOES LEGIBILIDAD', 7, 191.54);
INSERT INTO infracao (descricao, pontos, valor) VALUES ('CONDUZIR O VEIC COM A COR OU CARACTERISTICA ALTERADA', 5, 127.69);
INSERT INTO infracao (descricao, pontos, valor) VALUES ('CONDUZIR O VEIC SEM INSPECAO DE SEGURANCA VEICULAR', 5, 127.69);
INSERT INTO infracao (descricao, pontos, valor) VALUES ('CONDUZIR O VEIC S/ EQUIPAMENTO OBRIGATORIO OU INEFICIENTE', 5, 127.69);
INSERT INTO infracao (descricao, pontos, valor) VALUES ('CONDUZIR O VEIC C/ EQUIP OBRIGATORIO EM DESACORDO', 5, 127.69);
INSERT INTO infracao (descricao, pontos, valor) VALUES ('CONDUZIR VEIC C/ DESCARGA LIVRE OU SILENCIADOR C/ DEFEITO', 5, 127.69);
INSERT INTO infracao (descricao, pontos, valor) VALUES ('CONDUZIR O VEIC C/ EQUIPAMENTO OU ACESSORIO PROIBIDO', 5, 127.69);
INSERT INTO infracao (descricao, pontos, valor) VALUES ('CONDUZIR O VEIC C/ EQUIPAM. ILUMINACAO E SINALIZ ALTERADO', 5, 127.69);
INSERT INTO infracao (descricao, pontos, valor) VALUES ('CONDUZIR O VEIC C/ REGISTRADOR INALTERAVEL VELOCIDADE', 5, 127.69);
INSERT INTO infracao (descricao, pontos, valor) VALUES ('CONDUZIR O VEIC C/ INSCRICOES, ETC AFIXADOS NO PARA-BRISA', 5, 127.69);
INSERT INTO infracao (descricao, pontos, valor) VALUES ('CONDUZIR O VEIC C/ VIDROS COBERTOS POR PINTURAS, PAINEIS', 5, 127.69);
INSERT INTO infracao (descricao, pontos, valor) VALUES ('CONDUZIR O VEIC C/ CORTINAS OU PERSIANAS FECHADAS', 5, 127.69);
INSERT INTO infracao (descricao, pontos, valor) VALUES ('CONDUZIR O VEIC EM MAU ESTADO DE CONSERVACAO', 5, 127.69);
INSERT INTO infracao (descricao, pontos, valor) VALUES ('CONDUZIR O VEIC S/ ACIONAR LIMPADOR SOB CHUVA', 5, 127.69);
INSERT INTO infracao (descricao, pontos, valor) VALUES ('CONDUZIR O VEICS/ AUTORIZ P/ CONDUCAO DE ESCOLARES', 5, 127.69);
INSERT INTO infracao (descricao, pontos, valor) VALUES ('CONDUZIR O VEIC DE CARGA C/ FALTA DE INSCRICAO DA TARA', 4, 85.13);
INSERT INTO infracao (descricao, pontos, valor) VALUES ('CONDUZIR O VEIC C/ DEFEITO NO SISTEMA DE ILUMINACAO, ETC', 4, 85.13);
INSERT INTO infracao (descricao, pontos, valor) VALUES ('TRANSITAR DANIFICANDO A VIA, INSTALACOES, E EQUIPAMENTOS', 7, 191.54);
INSERT INTO infracao (descricao, pontos, valor) VALUES ('TRANS DERRAMANDO/LANCANDO/ARRASTANDO CARGA TRANSPORTADA', 7, 191.54);
INSERT INTO infracao (descricao, pontos, valor) VALUES ('TRANS DERRAMANDO/LANCANDO/ARRASTANDO COMBUSTIVEL', 7, 191.54);
INSERT INTO infracao (descricao, pontos, valor) VALUES ('TRANS DERRAMANDO/LANCANDO/ARRASTANDO QUALQUER OBJETO', 7, 191.54);
INSERT INTO infracao (descricao, pontos, valor) VALUES ('TRANSITAR PROD FUMACA ACIMA PERMITIDO PELO CONTRAN', 5, 127.69);
INSERT INTO infracao (descricao, pontos, valor) VALUES ('TRANSITAR C/ VEIC C/ DIMENSOES OU CARGA SUP A LEGISLACAO', 5, 127.69);
INSERT INTO infracao (descricao, pontos, valor) VALUES ('TRANS C/VEICULO C/ALTURA ACIMA DA PERMITIDA', 5, 127.69);
INSERT INTO infracao (descricao, pontos, valor) VALUES ('TRANS C/VEICULO C/LARGURA SUPERIOR A PERMITIDA', 5, 127.69);
INSERT INTO infracao (descricao, pontos, valor) VALUES ('TRANS C/VEICULO DE COMPRIMENTO ACIMA DO PERMITIDO', 5, 127.69);
INSERT INTO infracao (descricao, pontos, valor) VALUES ('TRANSITAR C/ O VEIC C/ EXCESSO DE PESO', 4, 85.13);
INSERT INTO infracao (descricao, pontos, valor) VALUES ('TRANSITAR COM O VEICULO COM EXCESSO DE PESO ATE 600KG', 4, 85.13);
INSERT INTO infracao (descricao, pontos, valor) VALUES ('TRANS COM O VEICULO COM EXCESSO DE PESO DE 601 A 800KG', 4, 85.13);
INSERT INTO infracao (descricao, pontos, valor) VALUES ('TRANS COM O VEICULO COM EXCESSO DE PESO DE 801 A 1000KG', 4, 85.13);
INSERT INTO infracao (descricao, pontos, valor) VALUES ('TRANS COM O VEICULO COM EXCESSO DE PESO DE 1001 A 3000KG', 4, 85.13);
INSERT INTO infracao (descricao, pontos, valor) VALUES ('TRANS COM O VEICULO COM EXCESSO DE PESO DE 3001 A 5000KG', 4, 85.13);
INSERT INTO infracao (descricao, pontos, valor) VALUES ('TRANS COM O VEICULO COM EXCESSO DE PESO ACIMA DE 5000KG', 4, 85.13);
INSERT INTO infracao (descricao, pontos, valor) VALUES ('TRANSITAR EM DESACORDO C/ AUTORIZACAO ESPECIAL SUPERDIMENS', 5, 127.69);
INSERT INTO infracao (descricao, pontos, valor) VALUES ('TRANS COM LOTACAO EXCEDENTE', 4, 85.13);
INSERT INTO infracao (descricao, pontos, valor) VALUES ('EFETUAR TRANSP REMUNERADO DE PESSOAS/BENS S/LICENCA', 4, 85.13);
INSERT INTO infracao (descricao, pontos, valor) VALUES ('TRANS C/ VEIC DESLIGADO OU DESENGRENADO EM DECLIVE', 4, 85.13);
INSERT INTO infracao (descricao, pontos, valor) VALUES ('TRANS C/VEIC ACIMA DA CAPACIDADE MAX DE TRACAO-MEDIA', 4, 85.13);
INSERT INTO infracao (descricao, pontos, valor) VALUES ('TRANS C/VEIC ACIMA DA CAPACIDADE MAX DE TRACAO-GRAVE', 5, 127.69);
INSERT INTO infracao (descricao, pontos, valor) VALUES ('TRANS C/VEIC ACIMA DA CAPACIDADE MAX DE TRACAO-GRAVISSIMA', 7, 191.54);
INSERT INTO infracao (descricao, pontos, valor) VALUES ('CONDUZIR O VEIC S/ OS DOCUMENTOS DE PORTE OBRIGATORIO', 3, 53.2);
INSERT INTO infracao (descricao, pontos, valor) VALUES ('DEIXAR DE EFETUAR REGISTRO DE VEIC NO PRAZO DE 30 DIAS', 5, 127.69);
INSERT INTO infracao (descricao, pontos, valor) VALUES ('FALSIFICAR OU ADULTERAR DOC. DE HABILITACAO OU DO VEICULO', 7, 191.54);
INSERT INTO infracao (descricao, pontos, valor) VALUES ('CONDUZIR PESSOAS OU CARGA EM PARTES EXTERNAS DO VEIC', 5, 127.69);
INSERT INTO infracao (descricao, pontos, valor) VALUES ('REBOCAR OUTRO VEICULO COM CABO FLEXIVEL OU CORDA', 4, 85.13);
INSERT INTO infracao (descricao, pontos, valor) VALUES ('TRANSITAR C/ VEIC DESACORDO C/ ESPECIFE FALTA INSCRICAO', 5, 127.69);
INSERT INTO infracao (descricao, pontos, valor) VALUES ('RECUSAR-SE ENTREGAR A AUTORIDADE OS DOCUMENTOS', 7, 191.54);
INSERT INTO infracao (descricao, pontos, valor) VALUES ('RETIRAR S/PERMISSAO VEICULO RETIDO P/AUTORIDADE/AGENTE', 7, 191.54);
INSERT INTO infracao (descricao, pontos, valor) VALUES ('DEIXAR DE PROMOVER BAIXA REGISTRO VEIC IRRECUPERAVEL', 5, 127.69);
INSERT INTO infracao (descricao, pontos, valor) VALUES ('DEIXAR DE ATUALIZAR CADASTRO DE HABILITACAO OU DO VEICULO', 3, 53.2);
INSERT INTO infracao (descricao, pontos, valor) VALUES ('FAZER FALSA DECLARACAO DOMICILIO FINS REGISTRO DA CNH', 7, 191.54);
INSERT INTO infracao (descricao, pontos, valor) VALUES ('DEIXAR A SEGURADORA DE COMUNICAR ORGAO TRANS PERDA TOTAL', 5, 127.69);
INSERT INTO infracao (descricao, pontos, valor) VALUES ('CONDUZIR MOTOCICLETA, ETC S/ USAR CAPACETE SEGURANCA', 7, 191.54);
INSERT INTO infracao (descricao, pontos, valor) VALUES ('COND MOTOCICLETA, MOTONETA E CICLOMOTOR SEM USAR CAPACETE', 7, 191.54);
INSERT INTO infracao (descricao, pontos, valor) VALUES ('COND MOTO/MOTONETA/CICLOMOTOR SEM VESTUARIO DE ACORDO', 7, 191.54);
INSERT INTO infracao (descricao, pontos, valor) VALUES ('CONDUZIR MOTOCICLETA, ETC TRANSPORTANDO PASSAG S/ CAPACETE', 7, 191.54);
INSERT INTO infracao (descricao, pontos, valor) VALUES ('COND MOTO/MOTONETA/CICLOMOTOR C/PASS SEM USAR CAPACETE', 7, 191.54);
INSERT INTO infracao (descricao, pontos, valor) VALUES ('COND MOTO/MOTONETA/CICLOMOTOR C/PASS FORA ASSENTO', 7, 191.54);
INSERT INTO infracao (descricao, pontos, valor) VALUES ('CONDUZIR MOTOCICLETA, ETC FAZENDO MALABARISMOS', 7, 191.54);
INSERT INTO infracao (descricao, pontos, valor) VALUES ('CONDUZIR MOTOCICLETA, ETC COM OS FAROIS APAGADOS', 7, 191.54);
INSERT INTO infracao (descricao, pontos, valor) VALUES ('CONDUZIR MOTOCICLETA, ETC TRANSP CRIANCA MENOR 7 ANOS', 7, 191.54);
INSERT INTO infracao (descricao, pontos, valor) VALUES ('CONDUZIR MOTOCICLETA, ETC REBOCANDO OUTRO VEICULO', 4, 85.13);
INSERT INTO infracao (descricao, pontos, valor) VALUES ('CONDUZIR MOTOCICLETA, ETC SEM SEGURAR O GUIDOM', 4, 85.13);
INSERT INTO infracao (descricao, pontos, valor) VALUES ('CONDUZIR MOTOCICLETA, ETC TRANSP CARGA INCOMPATIVEL', 4, 85.13);
INSERT INTO infracao (descricao, pontos, valor) VALUES ('P/ CICLOS CONDUZIR PASSAGEIRO FORA DA GARUPA OU ASSENTO', 4, 85.13);
INSERT INTO infracao (descricao, pontos, valor) VALUES ('P/ CICLOS TRANSITAR VIAS TRANSITO RAPIDO/RODOVIAS', 4, 85.13);
INSERT INTO infracao (descricao, pontos, valor) VALUES ('P/ CICLOS TRANSPORTAR CRIANCAS NAO TENHAM CONDICOES SEG', 4, 85.13);
INSERT INTO infracao (descricao, pontos, valor) VALUES ('UTILIZAR A VIA P/DEPOSITO DE MERCADORIAS/EQUIPAMENTOS', 5, 127.69);
INSERT INTO infracao (descricao, pontos, valor) VALUES ('NAO SINALIZAR OBSTACULOS A LIVRE CIRCULACAO VEIC/PEDESTRE', 7, 191.54);
INSERT INTO infracao (descricao, pontos, valor) VALUES ('NAO SINALIZAR OBSTACULOS LIVRE CIRC VEIC/PEDESTRE 2X', 7, 383.07);
INSERT INTO infracao (descricao, pontos, valor) VALUES ('NAO SINALIZAR OBSTACULOS LIVRE CIRC VEIC/PEDESTRE 3X', 7, 574.62);
INSERT INTO infracao (descricao, pontos, valor) VALUES ('NAO SINALIZAR OBSTACULOS LIVRE CIRC VEIC/PEDESTRE 4X', 7, 766.15);
INSERT INTO infracao (descricao, pontos, valor) VALUES ('NAO SINALIZAR OBSTACULOS LIVRE CIRC VEIC/PEDESTRE 5X', 7, 957.7);
INSERT INTO infracao (descricao, pontos, valor) VALUES ('NAO COND P/BORDO DA PISTA VEIC PROP HUMANA/TRACAO ANIMAL', 4, 85.13);
INSERT INTO infracao (descricao, pontos, valor) VALUES ('TRANSPORTAR EM VEIC DE PASSAGEIROS CARGA EXCEDENTE', 5, 127.69);
INSERT INTO infracao (descricao, pontos, valor) VALUES ('DEIXAR DE ACENDER NOITE LUZES QDO VEICPARADO P/EMBARQUE', 4, 85.13);
INSERT INTO infracao (descricao, pontos, valor) VALUES ('QDO VEIC EM MOVIM NAO ACENDER LUZ BAIXA A NOITE', 4, 85.13);
INSERT INTO infracao (descricao, pontos, valor) VALUES ('QDO VEIC EM MOVIM NAO ACENDER LUZ BAIXA DE DIA TUNEIS', 4, 85.13);
INSERT INTO infracao (descricao, pontos, valor) VALUES ('QDO VEIC TRANSP COLETIVO EM MOVIM NAO ACENDER LUZ BAIXA', 4, 85.13);
INSERT INTO infracao (descricao, pontos, valor) VALUES ('QDO VEIC CICLOMOTORES EM MOVIM NAO ACENDER LUZ BAIXA', 4, 85.13);
INSERT INTO infracao (descricao, pontos, valor) VALUES ('QDO VEIC EM MOVIMENTO, NAO ACENDER LUZES SOB CHUVA, ETC', 4, 85.13);
INSERT INTO infracao (descricao, pontos, valor) VALUES ('DEIXAR DE MANTER ACESA A PLACA TRASEIRA ILUMINADA A NOITE', 4, 85.13);
INSERT INTO infracao (descricao, pontos, valor) VALUES ('UTILIZAR PISCA-ALERTA, EXCETO IMOBILIZACAO OU EMERGENCIA', 4, 85.13);
INSERT INTO infracao (descricao, pontos, valor) VALUES ('UTILIZAR LUZES DO VEIC INTERMITENTE EXCETO P/ ULTRAPASSAR', 4, 85.13);
INSERT INTO infracao (descricao, pontos, valor) VALUES ('DIRIGIR O VEICULO COM O BRACO DO LADO DE FORA', 4, 85.13);
INSERT INTO infracao (descricao, pontos, valor) VALUES ('DIRIGIR VEIC TRANSPORTANDO PESSOAS, ANIMAIS A SUA ESQ', 4, 85.13);
INSERT INTO infracao (descricao, pontos, valor) VALUES ('DIRIGIR VEIC C/ INCAPACIDADE FISICA OU MENTAL TEMPORARIA', 4, 85.13);
INSERT INTO infracao (descricao, pontos, valor) VALUES ('DIRIGIR VEIC. USANDO CALCADO QUE COMPROMETA UTILIZ PEDAIS', 4, 85.13);
INSERT INTO infracao (descricao, pontos, valor) VALUES ('DIRIGIR O VEICULO COM APENAS UMA DAS MAOS', 4, 85.13);
INSERT INTO infracao (descricao, pontos, valor) VALUES ('DIRIGIR O VEICULO UTILIZANDO-SE DE FONES, TELEFONE CELULAR', 4, 85.13);
INSERT INTO infracao (descricao, pontos, valor) VALUES ('DIRIGIR VEICULO UTILIZANDO-SE DE FONES NOS OUVIDOS', 4, 85.13);
INSERT INTO infracao (descricao, pontos, valor) VALUES ('DIRIGIR VEICULO UTILIZANDO-SE DE TELEFONE CELULAR', 4, 85.13);
INSERT INTO infracao (descricao, pontos, valor) VALUES ('BLOQUEAR A VIA COM VEICULO', 7, 191.54);
INSERT INTO infracao (descricao, pontos, valor) VALUES ('PROIBIDO AO PEDESTRE PERMANECER/ANDAR NA PISTA', 3, 26.6);
INSERT INTO infracao (descricao, pontos, valor) VALUES ('PROIBIDO AO PEDESTRE CRUZAR PISTA EM VIADUTO/PONTE/TUNEL', 3, 26.6);
INSERT INTO infracao (descricao, pontos, valor) VALUES ('PROIBIDO AO PEDESTRE ATRAVESSAR VIA NA AREA DE CRUZAMENTO', 3, 26.6);
INSERT INTO infracao (descricao, pontos, valor) VALUES ('PROIBIDO AO PEDESTRE UTILIZAR A VIA P/PERTURBAR O TRANSITO', 3, 26.6);
INSERT INTO infracao (descricao, pontos, valor) VALUES ('PROIBIDO PEDESTRE ANDAR FORA FAIXA PROPRIA', 3, 26.6);
INSERT INTO infracao (descricao, pontos, valor) VALUES ('PROIBIDO PEDESTRE DESOB SINALIZACAO DE TRAN ESPECIFICA', 3, 26.6);
INSERT INTO infracao (descricao, pontos, valor) VALUES ('CONDUZIR BICICLETA EM LOCAL PROIBIDO OU FORMA AGRESSIVA', 4, 85.13);
INSERT INTO infracao (descricao, pontos, valor) VALUES ('TRANSP.PP CUJO DESLOC.SEJA PROIBIDO PELO MIN.TRANSPORTES', 0, 656.54);
INSERT INTO infracao (descricao, pontos, valor) VALUES ('TRANSP. PP A GRANEL QUE NAO CONSTE NO CIPP', 0, 656.54);
INSERT INTO infracao (descricao, pontos, valor) VALUES ('TRANSP. PP A GRANEL EM VEICULO COM CIPP VENCIDO', 0, 656.54);
INSERT INTO infracao (descricao, pontos, valor) VALUES ('TRANSP PESSOAS,ANIMAIS,ALIM,MEDIC,JUNTAMENTE C/PROD.PERIG.', 0, 656.54);
INSERT INTO infracao (descricao, pontos, valor) VALUES ('TRANSPORTAR PESSOAS COM PRODUTOS PERIGOSOS', 0, 656.54);
INSERT INTO infracao (descricao, pontos, valor) VALUES ('TRANSPORTAR ANIMAIS COM PRODUTOS PERIGOSOS', 0, 656.54);
INSERT INTO infracao (descricao, pontos, valor) VALUES ('TRANSP.ALIMENTOS DESTINADO AO CONS.HUMANO/ANIMAL JUNT.C/PP', 0, 656.54);
INSERT INTO infracao (descricao, pontos, valor) VALUES ('TRANSP.MEDICAMENTOS DEST AO CONS.HUMANO/ANIMAL JUNT.C/PP', 0, 656.54);
INSERT INTO infracao (descricao, pontos, valor) VALUES ('TRANSP PROD INCOMPATIVEIS ENTRE SI', 0, 656.54);
INSERT INTO infracao (descricao, pontos, valor) VALUES ('NAO DAR MANUTENCAO AO VEICULO E AO EQUIPAMENTO', 0, 328.27);
INSERT INTO infracao (descricao, pontos, valor) VALUES ('NAO DAR MANUTENCAO AO VEICULO', 0, 328.27);
INSERT INTO infracao (descricao, pontos, valor) VALUES ('NAO DAR MANUTENCAO AO EQUIPAMENTO', 0, 328.27);
INSERT INTO infracao (descricao, pontos, valor) VALUES ('ESTAC. OU PARAR EM DESACORDO COM O ARTIGO 14 DO RTPP', 0, 328.27);
INSERT INTO infracao (descricao, pontos, valor) VALUES ('ESTAC. EM DESACORDO COM O ARTIGO 14 DO RTPP', 0, 328.27);
INSERT INTO infracao (descricao, pontos, valor) VALUES ('PARAR EM DESACORDO COM O ARTIGO 14 DO RTPP', 0, 328.27);
INSERT INTO infracao (descricao, pontos, valor) VALUES ('TRANSP. PP CUJAS EMBALAGENS SE ENCONTREM EM MAS CONDICOES', 0, 328.27);
INSERT INTO infracao (descricao, pontos, valor) VALUES ('NAO ADOTAR EM ACID/AVAR. PROV.DA F.DE EMERGENC/ENV.TRANSP.', 0, 328.27);
INSERT INTO infracao (descricao, pontos, valor) VALUES ('NAO ADOTAR EM CASO DE ACID PROV DA F DE EMERG/ENV.TRANSP', 0, 328.27);
INSERT INTO infracao (descricao, pontos, valor) VALUES ('NAO ADOTAR EM CASO DE AVARIA PROV DA F DE EMERG/ENV.TRANSP', 0, 328.27);
INSERT INTO infracao (descricao, pontos, valor) VALUES ('TRANSP.PP A GRANEL S/UTIL.TACOGR.OU C/IRREG.OU NAO APRES.', 0, 328.27);
INSERT INTO infracao (descricao, pontos, valor) VALUES ('TRANSP.PP A GRANEL S/UTIL.TACOGRAFO OU ESTE COM IRREGULAR.', 0, 328.27);
INSERT INTO infracao (descricao, pontos, valor) VALUES ('TRANSP.PP A GRANEL S/APRES.O DISCO A AUTORID.OU C/IRREG.', 0, 328.27);
INSERT INTO infracao (descricao, pontos, valor) VALUES ('TRANSPORTAR CARGA MAL ESTIVADA', 0, 131.3);
INSERT INTO infracao (descricao, pontos, valor) VALUES ('TRANSP.PP EM VEIC.SEM EQUIP.P/EMERG./EPI OU INCOMP.', 0, 131.3);
INSERT INTO infracao (descricao, pontos, valor) VALUES ('TRANSP. PP EM VEIC.SEM EQUIP.P/EMERG. OU INCOMP.', 0, 131.3);
INSERT INTO infracao (descricao, pontos, valor) VALUES ('TRANSP. PP EM VEIC.SEM EPI, OU INCOMP.', 0, 131.3);
INSERT INTO infracao (descricao, pontos, valor) VALUES ('TRANSP. PP A GRANEL SEM O CIPP', 0, 131.3);
INSERT INTO infracao (descricao, pontos, valor) VALUES ('TRANSP. PP SEM A DECLARACAO DE RESPONS.DO EXPEDIDOR NA NF', 0, 131.3);
INSERT INTO infracao (descricao, pontos, valor) VALUES ('TRANSP. PP SEM A FICHA DE EMERG.E O ENVELOPE PARA O TRANSP', 0, 131.3);
INSERT INTO infracao (descricao, pontos, valor) VALUES ('TRANSP.PP S/A FICHA DE EMERG.OU EM DESACORDO C/O DEC96044', 0, 131.3);
INSERT INTO infracao (descricao, pontos, valor) VALUES ('TRANSP.PP S/O ENV.P/O TRANSP. OU EM DESACORDO C/O DEC96044', 0, 131.3);
INSERT INTO infracao (descricao, pontos, valor) VALUES ('TRANSP PP SEM UTIL ROTULOS DE RISCO E PAINEIS DE SEGURANCA', 0, 131.3);
INSERT INTO infracao (descricao, pontos, valor) VALUES ('TRANSP PP SEM UTIL R.DE RISCOS E P.SEGUR.NAS EMBALAGENS', 0, 131.3);
INSERT INTO infracao (descricao, pontos, valor) VALUES ('TRANSP PP SEM UTIL R.DE RISCOS E P.SEGUR.NO VEICULO', 0, 131.3);
INSERT INTO infracao (descricao, pontos, valor) VALUES ('CIRCULAR EM VIAS PUBL QDO NAO PERMITIDO TRANSP PROD PERIG.', 0, 131.3);
INSERT INTO infracao (descricao, pontos, valor) VALUES ('NAO COM.IMED.A IMOBILIZ.DO VEIC.EM CASO DE EMERG/ACID/AVAR', 0, 131.3);
INSERT INTO infracao (descricao, pontos, valor) VALUES ('NAO COM.IMED.A IMOBILIZACAO DO VEIC.EM CASO DE EMERGENCIA', 0, 131.3);
INSERT INTO infracao (descricao, pontos, valor) VALUES ('NAO COM.IMED.A IMOBILIZACAO DO VEIC.EM CASO DE ACIDENTE', 0, 131.3);
INSERT INTO infracao (descricao, pontos, valor) VALUES ('NAO COM.IMED.A IMOBILIZACAO DO VEIC.EM CASO DE AVARIA', 0, 131.3);
INSERT INTO infracao (descricao, pontos, valor) VALUES ('EMBARCAR NO VEICULO PP INCOMPATIVEIS ENTRE SI', 0, 656.54);
INSERT INTO infracao (descricao, pontos, valor) VALUES ('EMB.PP QUE NAO CONSTE NO CIPP DO VEIC.E/OU EQUIP.E/OU VENC', 0, 656.54);
INSERT INTO infracao (descricao, pontos, valor) VALUES ('EMB.PP QUE NAO CONSTE NO CIPP DO VEIC.OU C/O MESMO VENCIDO', 0, 656.54);
INSERT INTO infracao (descricao, pontos, valor) VALUES ('EMB.PP QUE NAO CONSTE NO CIPP DO EQUIP.OU C/O MESMO VENCID', 0, 656.54);
INSERT INTO infracao (descricao, pontos, valor) VALUES ('EXP. NF EM DESACORDO C/ART. 22, II DO DECRETO 96044', 0, 656.54);
INSERT INTO infracao (descricao, pontos, valor) VALUES ('EXP.PP SEM ACONDICIONAM.CORRETO E C/EMBALAGENS EM MAS COND', 0, 656.54);
INSERT INTO infracao (descricao, pontos, valor) VALUES ('EXP. PP SEM ACONDICIONAMENTO CORRETO', 0, 656.54);
INSERT INTO infracao (descricao, pontos, valor) VALUES ('EXP. PP COM EMBALAGEM EM MA CONDICOES', 0, 656.54);
INSERT INTO infracao (descricao, pontos, valor) VALUES ('NAO COMP.AO LOCAL DO ACIDENTE QDO CONVOCADO PELA AUTORIDAD', 0, 656.54);
INSERT INTO infracao (descricao, pontos, valor) VALUES ('EMB.PP EM VEIC. SEM EQUIP. P/SIT.DE EMERG./EPI OU INCOMP.', 0, 328.27);
INSERT INTO infracao (descricao, pontos, valor) VALUES ('EMB.PP EM VEIC.SEM EQUIP.P/SIT.DE EMERG.OU INCOMP.', 0, 328.27);
INSERT INTO infracao (descricao, pontos, valor) VALUES ('EMB.PP EM VEIC.SEM EPI OU INCOMP.', 0, 328.27);
INSERT INTO infracao (descricao, pontos, valor) VALUES ('NAO FORN.AO TRANSP.A F.DE EMERG.E ENV.P/TRANSP OU EM DESC.', 0, 328.27);
INSERT INTO infracao (descricao, pontos, valor) VALUES ('NAO FORN.AO TRANSP.A FICHA DE EMERG.OU EM DESAC.C/DEC96044', 0, 328.27);
INSERT INTO infracao (descricao, pontos, valor) VALUES ('NAO FORN.AO TRANSP.O ENV.P/TRANSP.OU EM DESAC.C/DEC 96044', 0, 328.27);
INSERT INTO infracao (descricao, pontos, valor) VALUES ('EMB PROD PERIG EM VEIC SEM ROT DE RISCO E PAINEIS DE SEGUR', 0, 328.27);
INSERT INTO infracao (descricao, pontos, valor) VALUES ('EMB.CARGA FRACION.C/EMBAL.EXT.S/ROTULO DE RISCO OU S/CONS.', 0, 328.27);
INSERT INTO infracao (descricao, pontos, valor) VALUES ('EMBARCAR PP EM VEIC(OU EQUIP) SEM ADEQUADAS COND DE MANUT.', 0, 328.27);
INSERT INTO infracao (descricao, pontos, valor) VALUES ('NAO ESCLAREC.O SUFIC.EM SIT.DE EMERG OU ACIDENTE', 0, 328.27);
INSERT INTO infracao (descricao, pontos, valor) VALUES ('NAO ESCLAREC.O SUFIC.EM SIT.DE EMERG.QDO SOLICIT.P/AUTORID', 0, 328.27);
INSERT INTO infracao (descricao, pontos, valor) VALUES ('NAO ESCLAREC.O SUFIC.EM CASO DE ACID.QDO SOLICIT.P/AUTORID', 0, 328.27);

/*************************************************************************************************
*
*  #9 especie
*
************************************************************************************************/

insert into especie (descricao) values ('Veículo de Passageiros');
insert into especie (descricao) values ('Veículo de Carga');
insert into especie (descricao) values ('Veículo Misto');
insert into especie (descricao) values ('Veículo de Competição');
insert into especie (descricao) values ('Veículo de Tração');
insert into especie (descricao) values ('Veículo Especial');
insert into especie (descricao) values ('Veículo de Coleção');

/*************************************************************************************************
*
*  #10 categoria_veiculo
*
************************************************************************************************/

insert into categoria_veiculo (descricao, idEspecie) values ('Particular', 1);
insert into categoria_veiculo (descricao, idEspecie) values ('Oficial', 6);
insert into categoria_veiculo (descricao, idEspecie) values ('Aprendizagem', 1);
insert into categoria_veiculo (descricao, idEspecie) values ('Aluguel', 1);
insert into categoria_veiculo (descricao, idEspecie) values ('Representação Diplomática', 5);


/*************************************************************************************************
*
*  #11 veiculo
*
************************************************************************************************/

insert into veiculo (placa, ano, idcategoria, idproprietario, idmodelo, idcidade, datacompra, dataaquisicao, valor) values (gerar_placa(), 2008, 4, 62, 15, 70, '10/7/2019', '10/7/2019', 63814.81);
insert into veiculo (placa, ano, idcategoria, idproprietario, idmodelo, idcidade, datacompra, dataaquisicao, valor) values (gerar_placa(), 1988, 1, 137, 21, 60, '18/8/2018', '18/8/2018', 33792.12);
insert into veiculo (placa, ano, idcategoria, idproprietario, idmodelo, idcidade, datacompra, dataaquisicao, valor) values (gerar_placa(), 1998, 1, 33, 2, 10, '7/12/1992', '7/12/1992', 40118.06);
insert into veiculo (placa, ano, idcategoria, idproprietario, idmodelo, idcidade, datacompra, dataaquisicao, valor) values (gerar_placa(), 2003, 4, 57, 21, 7, '29/7/2013', '29/7/2013', 56187.03);
insert into veiculo (placa, ano, idcategoria, idproprietario, idmodelo, idcidade, datacompra, dataaquisicao, valor) values (gerar_placa(), 1997, 4, 100, 15, 49, '9/8/2001', '9/8/2001', 35821.16);
insert into veiculo (placa, ano, idcategoria, idproprietario, idmodelo, idcidade, datacompra, dataaquisicao, valor) values (gerar_placa(), 1992, 4, 73, 20, 71, '6/11/1994', '6/11/1994', 57175.12);
insert into veiculo (placa, ano, idcategoria, idproprietario, idmodelo, idcidade, datacompra, dataaquisicao, valor) values (gerar_placa(), 1997, 4, 55, 21, 42, '24/5/1995', '24/5/1995', 47369.73);
insert into veiculo (placa, ano, idcategoria, idproprietario, idmodelo, idcidade, datacompra, dataaquisicao, valor) values (gerar_placa(), 2011, 1, 5, 10, 51, '14/8/2015', '14/8/2015', 47596.23);
insert into veiculo (placa, ano, idcategoria, idproprietario, idmodelo, idcidade, datacompra, dataaquisicao, valor) values (gerar_placa(), 1998, 4, 91, 13, 11, '27/9/2007', '27/9/2007', 52847.26);
insert into veiculo (placa, ano, idcategoria, idproprietario, idmodelo, idcidade, datacompra, dataaquisicao, valor) values (gerar_placa(), 2002, 1, 121, 6, 58, '3/6/2011', '3/6/2011', 24364.6);
insert into veiculo (placa, ano, idcategoria, idproprietario, idmodelo, idcidade, datacompra, dataaquisicao, valor) values (gerar_placa(), 2009, 4, 40, 1, 49, '28/5/1996', '28/5/1996', 66365.54);
insert into veiculo (placa, ano, idcategoria, idproprietario, idmodelo, idcidade, datacompra, dataaquisicao, valor) values (gerar_placa(), 2010, 4, 61, 24, 60, '21/1/2000', '21/1/2000', 61112.91);
insert into veiculo (placa, ano, idcategoria, idproprietario, idmodelo, idcidade, datacompra, dataaquisicao, valor) values (gerar_placa(), 1986, 1, 35, 16, 62, '16/8/1992', '16/8/1992', 20383.44);
insert into veiculo (placa, ano, idcategoria, idproprietario, idmodelo, idcidade, datacompra, dataaquisicao, valor) values (gerar_placa(), 1997, 1, 102, 23, 63, '15/1/2017', '15/1/2017', 59897.26);
insert into veiculo (placa, ano, idcategoria, idproprietario, idmodelo, idcidade, datacompra, dataaquisicao, valor) values (gerar_placa(), 2012, 1, 141, 4, 22, '15/5/2012', '15/5/2012', 47448.15);
insert into veiculo (placa, ano, idcategoria, idproprietario, idmodelo, idcidade, datacompra, dataaquisicao, valor) values (gerar_placa(), 2000, 4, 134, 16, 46, '18/2/2009', '18/2/2009', 21583.99);
insert into veiculo (placa, ano, idcategoria, idproprietario, idmodelo, idcidade, datacompra, dataaquisicao, valor) values (gerar_placa(), 2006, 1, 149, 22, 55, '3/11/2002', '3/11/2002', 30086.43);
insert into veiculo (placa, ano, idcategoria, idproprietario, idmodelo, idcidade, datacompra, dataaquisicao, valor) values (gerar_placa(), 2009, 4, 101, 11, 2, '6/7/1995', '6/7/1995', 65701.99);
insert into veiculo (placa, ano, idcategoria, idproprietario, idmodelo, idcidade, datacompra, dataaquisicao, valor) values (gerar_placa(), 2001, 1, 57, 17, 75, '5/1/2009', '5/1/2009', 52045.41);
insert into veiculo (placa, ano, idcategoria, idproprietario, idmodelo, idcidade, datacompra, dataaquisicao, valor) values (gerar_placa(), 1998, 4, 63, 23, 79, '27/12/2013', '27/12/2013', 67400.49);
insert into veiculo (placa, ano, idcategoria, idproprietario, idmodelo, idcidade, datacompra, dataaquisicao, valor) values (gerar_placa(), 2007, 4, 75, 9, 13, '27/6/2004', '27/6/2004', 54717.93);
insert into veiculo (placa, ano, idcategoria, idproprietario, idmodelo, idcidade, datacompra, dataaquisicao, valor) values (gerar_placa(), 2007, 1, 124, 3, 5, '26/5/2013', '26/5/2013', 37510.74);
insert into veiculo (placa, ano, idcategoria, idproprietario, idmodelo, idcidade, datacompra, dataaquisicao, valor) values (gerar_placa(), 1995, 1, 27, 24, 30, '13/12/2009', '13/12/2009', 55399.35);
insert into veiculo (placa, ano, idcategoria, idproprietario, idmodelo, idcidade, datacompra, dataaquisicao, valor) values (gerar_placa(), 2000, 4, 135, 8, 63, '7/8/1998', '7/8/1998', 21641.68);
insert into veiculo (placa, ano, idcategoria, idproprietario, idmodelo, idcidade, datacompra, dataaquisicao, valor) values (gerar_placa(), 1985, 1, 102, 23, 5, '13/11/2006', '13/11/2006', 33536.55);
insert into veiculo (placa, ano, idcategoria, idproprietario, idmodelo, idcidade, datacompra, dataaquisicao, valor) values (gerar_placa(), 1999, 1, 126, 14, 15, '3/6/2001', '3/6/2001', 50823.29);
insert into veiculo (placa, ano, idcategoria, idproprietario, idmodelo, idcidade, datacompra, dataaquisicao, valor) values (gerar_placa(), 1992, 3, 19, 15, 84, '14/1/2002', '14/1/2002', 68913.28);
insert into veiculo (placa, ano, idcategoria, idproprietario, idmodelo, idcidade, datacompra, dataaquisicao, valor) values (gerar_placa(), 2005, 1, 73, 21, 37, '1/5/2019', '1/5/2019', 64123.26);
insert into veiculo (placa, ano, idcategoria, idproprietario, idmodelo, idcidade, datacompra, dataaquisicao, valor) values (gerar_placa(), 1992, 4, 105, 24, 82, '16/7/2003', '16/7/2003', 64174.66);
insert into veiculo (placa, ano, idcategoria, idproprietario, idmodelo, idcidade, datacompra, dataaquisicao, valor) values (gerar_placa(), 2011, 4, 50, 5, 17, '29/7/1997', '29/7/1997', 33527.48);
insert into veiculo (placa, ano, idcategoria, idproprietario, idmodelo, idcidade, datacompra, dataaquisicao, valor) values (gerar_placa(), 2002, 4, 129, 17, 33, '6/9/2007', '6/9/2007', 50692.78);
insert into veiculo (placa, ano, idcategoria, idproprietario, idmodelo, idcidade, datacompra, dataaquisicao, valor) values (gerar_placa(), 2002, 4, 20, 18, 45, '21/2/2014', '21/2/2014', 26619.02);
insert into veiculo (placa, ano, idcategoria, idproprietario, idmodelo, idcidade, datacompra, dataaquisicao, valor) values (gerar_placa(), 2009, 1, 25, 10, 3, '8/5/2008', '8/5/2008', 66393.42);
insert into veiculo (placa, ano, idcategoria, idproprietario, idmodelo, idcidade, datacompra, dataaquisicao, valor) values (gerar_placa(), 1998, 1, 105, 22, 4, '30/4/2014', '30/4/2014', 38320.17);
insert into veiculo (placa, ano, idcategoria, idproprietario, idmodelo, idcidade, datacompra, dataaquisicao, valor) values (gerar_placa(), 2008, 1, 72, 5, 19, '3/2/2015', '3/2/2015', 33132.38);
insert into veiculo (placa, ano, idcategoria, idproprietario, idmodelo, idcidade, datacompra, dataaquisicao, valor) values (gerar_placa(), 2000, 1, 38, 15, 39, '1/6/1995', '1/6/1995', 38434.22);
insert into veiculo (placa, ano, idcategoria, idproprietario, idmodelo, idcidade, datacompra, dataaquisicao, valor) values (gerar_placa(), 2011, 1, 137, 15, 24, '30/8/2016', '30/8/2016', 67968.99);
insert into veiculo (placa, ano, idcategoria, idproprietario, idmodelo, idcidade, datacompra, dataaquisicao, valor) values (gerar_placa(), 2011, 1, 69, 14, 79, '14/7/2012', '14/7/2012', 40747.8);
insert into veiculo (placa, ano, idcategoria, idproprietario, idmodelo, idcidade, datacompra, dataaquisicao, valor) values (gerar_placa(), 2012, 4, 115, 8, 7, '10/10/2005', '10/10/2005', 27893.06);
insert into veiculo (placa, ano, idcategoria, idproprietario, idmodelo, idcidade, datacompra, dataaquisicao, valor) values (gerar_placa(), 2010, 1, 27, 24, 20, '14/9/1999', '14/9/1999', 62934.65);
insert into veiculo (placa, ano, idcategoria, idproprietario, idmodelo, idcidade, datacompra, dataaquisicao, valor) values (gerar_placa(), 1996, 1, 87, 1, 74, '31/12/1998', '31/12/1998', 41926.33);
insert into veiculo (placa, ano, idcategoria, idproprietario, idmodelo, idcidade, datacompra, dataaquisicao, valor) values (gerar_placa(), 2007, 1, 74, 12, 68, '29/5/2018', '29/5/2018', 63935.2);
insert into veiculo (placa, ano, idcategoria, idproprietario, idmodelo, idcidade, datacompra, dataaquisicao, valor) values (gerar_placa(), 1984, 1, 110, 15, 6, '7/10/2013', '7/10/2013', 30003.06);
insert into veiculo (placa, ano, idcategoria, idproprietario, idmodelo, idcidade, datacompra, dataaquisicao, valor) values (gerar_placa(), 1995, 4, 8, 18, 2, '27/10/2006', '27/10/2006', 22663.18);
insert into veiculo (placa, ano, idcategoria, idproprietario, idmodelo, idcidade, datacompra, dataaquisicao, valor) values (gerar_placa(), 2000, 4, 149, 14, 36, '29/9/2016', '29/9/2016', 38607.1);
insert into veiculo (placa, ano, idcategoria, idproprietario, idmodelo, idcidade, datacompra, dataaquisicao, valor) values (gerar_placa(), 1996, 4, 32, 13, 57, '10/2/2012', '10/2/2012', 47651.25);
insert into veiculo (placa, ano, idcategoria, idproprietario, idmodelo, idcidade, datacompra, dataaquisicao, valor) values (gerar_placa(), 1996, 1, 42, 5, 43, '2/5/2016', '2/5/2016', 68944.65);
insert into veiculo (placa, ano, idcategoria, idproprietario, idmodelo, idcidade, datacompra, dataaquisicao, valor) values (gerar_placa(), 2005, 1, 90, 8, 79, '31/1/1995', '31/1/1995', 26715.7);
insert into veiculo (placa, ano, idcategoria, idproprietario, idmodelo, idcidade, datacompra, dataaquisicao, valor) values (gerar_placa(), 1987, 1, 123, 23, 2, '29/9/2008', '29/9/2008', 53938.71);
insert into veiculo (placa, ano, idcategoria, idproprietario, idmodelo, idcidade, datacompra, dataaquisicao, valor) values (gerar_placa(), 2011, 1, 26, 13, 78, '5/1/2018', '5/1/2018', 24336.71);
insert into veiculo (placa, ano, idcategoria, idproprietario, idmodelo, idcidade, datacompra, dataaquisicao, valor) values (gerar_placa(), 2001, 4, 86, 15, 42, '14/12/2018', '14/12/2018', 65827.33);
insert into veiculo (placa, ano, idcategoria, idproprietario, idmodelo, idcidade, datacompra, dataaquisicao, valor) values (gerar_placa(), 2008, 1, 96, 22, 1, '3/2/2005', '3/2/2005', 69183.07);
insert into veiculo (placa, ano, idcategoria, idproprietario, idmodelo, idcidade, datacompra, dataaquisicao, valor) values (gerar_placa(), 2006, 1, 70, 14, 49, '25/4/1997', '25/4/1997', 48024.66);
insert into veiculo (placa, ano, idcategoria, idproprietario, idmodelo, idcidade, datacompra, dataaquisicao, valor) values (gerar_placa(), 2007, 1, 9, 24, 55, '21/9/2004', '21/9/2004', 61278.42);
insert into veiculo (placa, ano, idcategoria, idproprietario, idmodelo, idcidade, datacompra, dataaquisicao, valor) values (gerar_placa(), 2010, 4, 75, 6, 42, '26/4/2000', '26/4/2000', 55807.44);
insert into veiculo (placa, ano, idcategoria, idproprietario, idmodelo, idcidade, datacompra, dataaquisicao, valor) values (gerar_placa(), 2005, 1, 60, 22, 64, '22/3/2006', '22/3/2006', 46545.57);
insert into veiculo (placa, ano, idcategoria, idproprietario, idmodelo, idcidade, datacompra, dataaquisicao, valor) values (gerar_placa(), 2012, 4, 26, 8, 82, '3/8/2006', '3/8/2006', 65090.9);
insert into veiculo (placa, ano, idcategoria, idproprietario, idmodelo, idcidade, datacompra, dataaquisicao, valor) values (gerar_placa(), 2009, 1, 21, 1, 22, '6/7/1994', '6/7/1994', 50616.58);
insert into veiculo (placa, ano, idcategoria, idproprietario, idmodelo, idcidade, datacompra, dataaquisicao, valor) values (gerar_placa(), 2004, 1, 148, 15, 28, '10/2/1994', '10/2/1994', 64962.71);
insert into veiculo (placa, ano, idcategoria, idproprietario, idmodelo, idcidade, datacompra, dataaquisicao, valor) values (gerar_placa(), 1999, 4, 82, 17, 67, '17/1/2002', '17/1/2002', 51329.66);
insert into veiculo (placa, ano, idcategoria, idproprietario, idmodelo, idcidade, datacompra, dataaquisicao, valor) values (gerar_placa(), 2001, 4, 140, 6, 29, '24/3/2001', '24/3/2001', 30487.87);
insert into veiculo (placa, ano, idcategoria, idproprietario, idmodelo, idcidade, datacompra, dataaquisicao, valor) values (gerar_placa(), 2005, 4, 24, 21, 16, '19/4/1998', '19/4/1998', 20636.99);
insert into veiculo (placa, ano, idcategoria, idproprietario, idmodelo, idcidade, datacompra, dataaquisicao, valor) values (gerar_placa(), 1992, 4, 59, 15, 29, '23/8/2015', '23/8/2015', 37165.1);
insert into veiculo (placa, ano, idcategoria, idproprietario, idmodelo, idcidade, datacompra, dataaquisicao, valor) values (gerar_placa(), 2007, 4, 69, 2, 23, '6/5/2004', '6/5/2004', 36084.96);
insert into veiculo (placa, ano, idcategoria, idproprietario, idmodelo, idcidade, datacompra, dataaquisicao, valor) values (gerar_placa(), 2011, 1, 108, 18, 19, '30/10/2005', '30/10/2005', 33517.43);
insert into veiculo (placa, ano, idcategoria, idproprietario, idmodelo, idcidade, datacompra, dataaquisicao, valor) values (gerar_placa(), 1985, 4, 143, 13, 31, '17/6/2013', '17/6/2013', 32603.77);
insert into veiculo (placa, ano, idcategoria, idproprietario, idmodelo, idcidade, datacompra, dataaquisicao, valor) values (gerar_placa(), 1995, 4, 11, 11, 32, '2/11/2006', '2/11/2006', 58247.23);
insert into veiculo (placa, ano, idcategoria, idproprietario, idmodelo, idcidade, datacompra, dataaquisicao, valor) values (gerar_placa(), 1985, 4, 133, 10, 41, '15/5/2012', '15/5/2012', 63065.33);
insert into veiculo (placa, ano, idcategoria, idproprietario, idmodelo, idcidade, datacompra, dataaquisicao, valor) values (gerar_placa(), 2005, 5, 142, 7, 17, '27/2/1998', '27/2/1998', 24229.31);
insert into veiculo (placa, ano, idcategoria, idproprietario, idmodelo, idcidade, datacompra, dataaquisicao, valor) values (gerar_placa(), 1993, 5, 109, 23, 48, '9/4/2014', '9/4/2014', 31406.37);
insert into veiculo (placa, ano, idcategoria, idproprietario, idmodelo, idcidade, datacompra, dataaquisicao, valor) values (gerar_placa(), 2001, 1, 84, 19, 14, '27/6/1995', '27/6/1995', 27418.3);
insert into veiculo (placa, ano, idcategoria, idproprietario, idmodelo, idcidade, datacompra, dataaquisicao, valor) values (gerar_placa(), 2006, 1, 45, 24, 14, '5/8/1997', '5/8/1997', 67027.32);
insert into veiculo (placa, ano, idcategoria, idproprietario, idmodelo, idcidade, datacompra, dataaquisicao, valor) values (gerar_placa(), 1992, 4, 11, 14, 41, '18/10/2001', '18/10/2001', 32477.68);
insert into veiculo (placa, ano, idcategoria, idproprietario, idmodelo, idcidade, datacompra, dataaquisicao, valor) values (gerar_placa(), 1992, 4, 77, 18, 19, '17/3/2016', '17/3/2016', 39056.9);
insert into veiculo (placa, ano, idcategoria, idproprietario, idmodelo, idcidade, datacompra, dataaquisicao, valor) values (gerar_placa(), 2009, 1, 89, 10, 22, '13/6/1992', '13/6/1992', 42807.63);
insert into veiculo (placa, ano, idcategoria, idproprietario, idmodelo, idcidade, datacompra, dataaquisicao, valor) values (gerar_placa(), 1988, 1, 37, 15, 65, '30/5/1998', '30/5/1998', 23720.32);
insert into veiculo (placa, ano, idcategoria, idproprietario, idmodelo, idcidade, datacompra, dataaquisicao, valor) values (gerar_placa(), 2012, 4, 36, 19, 74, '4/2/2012', '4/2/2012', 39808.36);
insert into veiculo (placa, ano, idcategoria, idproprietario, idmodelo, idcidade, datacompra, dataaquisicao, valor) values (gerar_placa(), 1984, 4, 139, 14, 3, '23/9/2019', '23/9/2019', 26576.98);
insert into veiculo (placa, ano, idcategoria, idproprietario, idmodelo, idcidade, datacompra, dataaquisicao, valor) values (gerar_placa(), 2002, 4, 67, 18, 35, '25/10/2003', '25/10/2003', 65738.27);
insert into veiculo (placa, ano, idcategoria, idproprietario, idmodelo, idcidade, datacompra, dataaquisicao, valor) values (gerar_placa(), 1992, 1, 49, 1, 68, '17/6/2002', '17/6/2002', 37369.38);
insert into veiculo (placa, ano, idcategoria, idproprietario, idmodelo, idcidade, datacompra, dataaquisicao, valor) values (gerar_placa(), 2012, 4, 138, 1, 50, '22/3/2012', '22/3/2012', 41930.75);
insert into veiculo (placa, ano, idcategoria, idproprietario, idmodelo, idcidade, datacompra, dataaquisicao, valor) values (gerar_placa(), 2000, 1, 141, 15, 60, '3/9/1997', '3/9/1997', 41028.42);
insert into veiculo (placa, ano, idcategoria, idproprietario, idmodelo, idcidade, datacompra, dataaquisicao, valor) values (gerar_placa(), 2002, 4, 57, 4, 75, '14/11/1991', '14/11/1991', 54952.71);
insert into veiculo (placa, ano, idcategoria, idproprietario, idmodelo, idcidade, datacompra, dataaquisicao, valor) values (gerar_placa(), 1959, 4, 46, 3, 9, '10/2/1991', '10/2/1991', 50156.63);
insert into veiculo (placa, ano, idcategoria, idproprietario, idmodelo, idcidade, datacompra, dataaquisicao, valor) values (gerar_placa(), 1995, 4, 138, 24, 80, '20/12/2009', '20/12/2009', 32587.08);
insert into veiculo (placa, ano, idcategoria, idproprietario, idmodelo, idcidade, datacompra, dataaquisicao, valor) values (gerar_placa(), 1996, 1, 124, 22, 18, '24/7/2003', '24/7/2003', 65541.99);
insert into veiculo (placa, ano, idcategoria, idproprietario, idmodelo, idcidade, datacompra, dataaquisicao, valor) values (gerar_placa(), 2002, 1, 49, 14, 17, '27/3/2000', '27/3/2000', 35079.83);
insert into veiculo (placa, ano, idcategoria, idproprietario, idmodelo, idcidade, datacompra, dataaquisicao, valor) values (gerar_placa(), 2009, 4, 60, 16, 82, '20/2/2017', '20/2/2017', 23422.15);
insert into veiculo (placa, ano, idcategoria, idproprietario, idmodelo, idcidade, datacompra, dataaquisicao, valor) values (gerar_placa(), 1992, 4, 129, 8, 29, '21/12/2014', '21/12/2014', 45631.3);
insert into veiculo (placa, ano, idcategoria, idproprietario, idmodelo, idcidade, datacompra, dataaquisicao, valor) values (gerar_placa(), 1981, 1, 69, 8, 82, '2/10/2017', '2/10/2017', 25330.57);
insert into veiculo (placa, ano, idcategoria, idproprietario, idmodelo, idcidade, datacompra, dataaquisicao, valor) values (gerar_placa(), 1991, 1, 2, 23, 8, '18/7/2002', '18/7/2002', 50769.11);
insert into veiculo (placa, ano, idcategoria, idproprietario, idmodelo, idcidade, datacompra, dataaquisicao, valor) values (gerar_placa(), 2006, 4, 6, 15, 44, '4/3/2014', '4/3/2014', 28747.39);
insert into veiculo (placa, ano, idcategoria, idproprietario, idmodelo, idcidade, datacompra, dataaquisicao, valor) values (gerar_placa(), 2010, 4, 124, 3, 30, '28/3/2009', '28/3/2009', 44226.55);
insert into veiculo (placa, ano, idcategoria, idproprietario, idmodelo, idcidade, datacompra, dataaquisicao, valor) values (gerar_placa(), 2008, 1, 18, 4, 71, '15/4/2001', '15/4/2001', 27019.24);
insert into veiculo (placa, ano, idcategoria, idproprietario, idmodelo, idcidade, datacompra, dataaquisicao, valor) values (gerar_placa(), 1984, 4, 22, 24, 83, '6/4/2015', '6/4/2015', 55960.35);
insert into veiculo (placa, ano, idcategoria, idproprietario, idmodelo, idcidade, datacompra, dataaquisicao, valor) values (gerar_placa(), 1993, 4, 46, 7, 45, '12/11/2015', '12/11/2015', 54259.56);
insert into veiculo (placa, ano, idcategoria, idproprietario, idmodelo, idcidade, datacompra, dataaquisicao, valor) values (gerar_placa(), 2006, 1, 133, 15, 33, '22/10/2011', '22/10/2011', 41110.69);
insert into veiculo (placa, ano, idcategoria, idproprietario, idmodelo, idcidade, datacompra, dataaquisicao, valor) values (gerar_placa(), 1980, 1, 31, 4, 70, '14/9/1997', '14/9/1997', 21589.82);
insert into veiculo (placa, ano, idcategoria, idproprietario, idmodelo, idcidade, datacompra, dataaquisicao, valor) values (gerar_placa(), 2009, 1, 127, 14, 11, '12/1/2007', '12/1/2007', 52812.82);
insert into veiculo (placa, ano, idcategoria, idproprietario, idmodelo, idcidade, datacompra, dataaquisicao, valor) values (gerar_placa(), 2004, 1, 151, 8, 11, '1/5/1993', '1/5/1993', 62074.71);
insert into veiculo (placa, ano, idcategoria, idproprietario, idmodelo, idcidade, datacompra, dataaquisicao, valor) values (gerar_placa(), 2008, 1, 93, 4, 60, '24/11/2011', '24/11/2011', 46064.33);
insert into veiculo (placa, ano, idcategoria, idproprietario, idmodelo, idcidade, datacompra, dataaquisicao, valor) values (gerar_placa(), 2005, 4, 63, 6, 38, '27/1/1997', '27/1/1997', 67158.97);
insert into veiculo (placa, ano, idcategoria, idproprietario, idmodelo, idcidade, datacompra, dataaquisicao, valor) values (gerar_placa(), 1987, 4, 151, 11, 26, '5/11/2018', '5/11/2018', 23854.6);
insert into veiculo (placa, ano, idcategoria, idproprietario, idmodelo, idcidade, datacompra, dataaquisicao, valor) values (gerar_placa(), 2005, 1, 62, 15, 55, '28/9/2012', '28/9/2012', 69809.52);
insert into veiculo (placa, ano, idcategoria, idproprietario, idmodelo, idcidade, datacompra, dataaquisicao, valor) values (gerar_placa(), 1997, 4, 30, 18, 2, '4/3/2004', '4/3/2004', 56177.2);
insert into veiculo (placa, ano, idcategoria, idproprietario, idmodelo, idcidade, datacompra, dataaquisicao, valor) values (gerar_placa(), 2001, 1, 95, 24, 22, '11/3/2014', '11/3/2014', 65473.16);
insert into veiculo (placa, ano, idcategoria, idproprietario, idmodelo, idcidade, datacompra, dataaquisicao, valor) values (gerar_placa(), 2006, 1, 150, 13, 11, '23/12/1992', '23/12/1992', 50227.29);
insert into veiculo (placa, ano, idcategoria, idproprietario, idmodelo, idcidade, datacompra, dataaquisicao, valor) values (gerar_placa(), 2012, 2, 85, 4, 8, '15/5/1997', '15/5/1997', 63899.82);
insert into veiculo (placa, ano, idcategoria, idproprietario, idmodelo, idcidade, datacompra, dataaquisicao, valor) values (gerar_placa(), 2003, 4, 67, 21, 51, '7/7/2011', '7/7/2011', 30755.19);
insert into veiculo (placa, ano, idcategoria, idproprietario, idmodelo, idcidade, datacompra, dataaquisicao, valor) values (gerar_placa(), 1977, 1, 149, 14, 43, '26/1/2011', '26/1/2011', 27719.7);
insert into veiculo (placa, ano, idcategoria, idproprietario, idmodelo, idcidade, datacompra, dataaquisicao, valor) values (gerar_placa(), 1999, 1, 29, 24, 13, '25/7/2004', '25/7/2004', 48543.9);
insert into veiculo (placa, ano, idcategoria, idproprietario, idmodelo, idcidade, datacompra, dataaquisicao, valor) values (gerar_placa(), 2011, 1, 108, 18, 16, '18/7/1994', '18/7/1994', 61602.63);
insert into veiculo (placa, ano, idcategoria, idproprietario, idmodelo, idcidade, datacompra, dataaquisicao, valor) values (gerar_placa(), 2000, 4, 3, 2, 26, '30/10/2014', '30/10/2014', 44112.68);
insert into veiculo (placa, ano, idcategoria, idproprietario, idmodelo, idcidade, datacompra, dataaquisicao, valor) values (gerar_placa(), 2010, 1, 5, 19, 43, '24/4/2017', '24/4/2017', 56712.21);
insert into veiculo (placa, ano, idcategoria, idproprietario, idmodelo, idcidade, datacompra, dataaquisicao, valor) values (gerar_placa(), 1998, 4, 19, 1, 32, '21/1/2007', '21/1/2007', 38408.91);
insert into veiculo (placa, ano, idcategoria, idproprietario, idmodelo, idcidade, datacompra, dataaquisicao, valor) values (gerar_placa(), 1999, 1, 21, 21, 9, '12/9/2014', '12/9/2014', 28042.88);
insert into veiculo (placa, ano, idcategoria, idproprietario, idmodelo, idcidade, datacompra, dataaquisicao, valor) values (gerar_placa(), 1996, 1, 95, 24, 54, '3/8/2006', '3/8/2006', 30221.95);
insert into veiculo (placa, ano, idcategoria, idproprietario, idmodelo, idcidade, datacompra, dataaquisicao, valor) values (gerar_placa(), 2002, 4, 111, 5, 21, '10/11/2017', '10/11/2017', 56706.61);
insert into veiculo (placa, ano, idcategoria, idproprietario, idmodelo, idcidade, datacompra, dataaquisicao, valor) values (gerar_placa(), 1984, 1, 75, 12, 7, '17/2/2017', '17/2/2017', 45527.96);
insert into veiculo (placa, ano, idcategoria, idproprietario, idmodelo, idcidade, datacompra, dataaquisicao, valor) values (gerar_placa(), 2008, 1, 56, 17, 54, '21/2/2012', '21/2/2012', 20578.22);
insert into veiculo (placa, ano, idcategoria, idproprietario, idmodelo, idcidade, datacompra, dataaquisicao, valor) values (gerar_placa(), 1999, 3, 69, 17, 16, '1/8/2019', '1/8/2019', 64200.36);
insert into veiculo (placa, ano, idcategoria, idproprietario, idmodelo, idcidade, datacompra, dataaquisicao, valor) values (gerar_placa(), 1986, 4, 41, 7, 60, '18/4/1992', '18/4/1992', 53942.97);
insert into veiculo (placa, ano, idcategoria, idproprietario, idmodelo, idcidade, datacompra, dataaquisicao, valor) values (gerar_placa(), 1991, 4, 43, 4, 72, '16/8/2007', '16/8/2007', 23870.18);
insert into veiculo (placa, ano, idcategoria, idproprietario, idmodelo, idcidade, datacompra, dataaquisicao, valor) values (gerar_placa(), 2010, 4, 144, 2, 81, '25/4/2001', '25/4/2001', 42267.4);
insert into veiculo (placa, ano, idcategoria, idproprietario, idmodelo, idcidade, datacompra, dataaquisicao, valor) values (gerar_placa(), 1987, 4, 115, 7, 61, '4/4/2002', '4/4/2002', 49032.81);
insert into veiculo (placa, ano, idcategoria, idproprietario, idmodelo, idcidade, datacompra, dataaquisicao, valor) values (gerar_placa(), 2009, 4, 20, 1, 9, '12/1/2016', '12/1/2016', 62257.1);
insert into veiculo (placa, ano, idcategoria, idproprietario, idmodelo, idcidade, datacompra, dataaquisicao, valor) values (gerar_placa(), 1984, 1, 139, 12, 56, '25/4/2000', '25/4/2000', 39879.31);
insert into veiculo (placa, ano, idcategoria, idproprietario, idmodelo, idcidade, datacompra, dataaquisicao, valor) values (gerar_placa(), 2008, 1, 92, 15, 31, '10/6/2001', '10/6/2001', 46543.63);
insert into veiculo (placa, ano, idcategoria, idproprietario, idmodelo, idcidade, datacompra, dataaquisicao, valor) values (gerar_placa(), 2010, 4, 13, 18, 39, '24/9/1999', '24/9/1999', 69655.51);
insert into veiculo (placa, ano, idcategoria, idproprietario, idmodelo, idcidade, datacompra, dataaquisicao, valor) values (gerar_placa(), 1998, 4, 38, 6, 54, '24/6/1996', '24/6/1996', 39964.73);
insert into veiculo (placa, ano, idcategoria, idproprietario, idmodelo, idcidade, datacompra, dataaquisicao, valor) values (gerar_placa(), 2007, 4, 148, 4, 35, '5/7/1992', '5/7/1992', 69222.13);
insert into veiculo (placa, ano, idcategoria, idproprietario, idmodelo, idcidade, datacompra, dataaquisicao, valor) values (gerar_placa(), 1995, 1, 95, 15, 14, '8/6/1996', '8/6/1996', 55456.67);
insert into veiculo (placa, ano, idcategoria, idproprietario, idmodelo, idcidade, datacompra, dataaquisicao, valor) values (gerar_placa(), 2006, 4, 43, 10, 69, '30/1/1995', '30/1/1995', 27204.19);
insert into veiculo (placa, ano, idcategoria, idproprietario, idmodelo, idcidade, datacompra, dataaquisicao, valor) values (gerar_placa(), 2006, 1, 51, 3, 6, '12/1/2015', '12/1/2015', 34455.11);
insert into veiculo (placa, ano, idcategoria, idproprietario, idmodelo, idcidade, datacompra, dataaquisicao, valor) values (gerar_placa(), 1997, 1, 78, 12, 83, '6/8/1993', '6/8/1993', 39076.82);
insert into veiculo (placa, ano, idcategoria, idproprietario, idmodelo, idcidade, datacompra, dataaquisicao, valor) values (gerar_placa(), 1993, 5, 54, 21, 34, '22/3/1998', '22/3/1998', 69710.05);
insert into veiculo (placa, ano, idcategoria, idproprietario, idmodelo, idcidade, datacompra, dataaquisicao, valor) values (gerar_placa(), 2007, 5, 64, 22, 30, '21/7/2016', '21/7/2016', 46336.83);
insert into veiculo (placa, ano, idcategoria, idproprietario, idmodelo, idcidade, datacompra, dataaquisicao, valor) values (gerar_placa(), 1989, 4, 98, 19, 47, '9/2/2010', '9/2/2010', 62398.69);
insert into veiculo (placa, ano, idcategoria, idproprietario, idmodelo, idcidade, datacompra, dataaquisicao, valor) values (gerar_placa(), 2004, 4, 147, 21, 1, '17/11/2008', '17/11/2008', 57594.47);
insert into veiculo (placa, ano, idcategoria, idproprietario, idmodelo, idcidade, datacompra, dataaquisicao, valor) values (gerar_placa(), 2010, 1, 129, 14, 16, '17/6/1993', '17/6/1993', 53849.65);
insert into veiculo (placa, ano, idcategoria, idproprietario, idmodelo, idcidade, datacompra, dataaquisicao, valor) values (gerar_placa(), 2010, 1, 108, 10, 11, '6/12/2001', '6/12/2001', 56049.25);
insert into veiculo (placa, ano, idcategoria, idproprietario, idmodelo, idcidade, datacompra, dataaquisicao, valor) values (gerar_placa(), 1995, 1, 55, 7, 11, '14/8/2011', '14/8/2011', 66502.0);
insert into veiculo (placa, ano, idcategoria, idproprietario, idmodelo, idcidade, datacompra, dataaquisicao, valor) values (gerar_placa(), 2012, 1, 101, 2, 56, '27/12/2014', '27/12/2014', 45226.79);
insert into veiculo (placa, ano, idcategoria, idproprietario, idmodelo, idcidade, datacompra, dataaquisicao, valor) values (gerar_placa(), 1996, 4, 14, 5, 68, '29/9/2002', '29/9/2002', 66169.23);
insert into veiculo (placa, ano, idcategoria, idproprietario, idmodelo, idcidade, datacompra, dataaquisicao, valor) values (gerar_placa(), 2007, 4, 101, 9, 69, '27/1/1998', '27/1/1998', 56075.17);
insert into veiculo (placa, ano, idcategoria, idproprietario, idmodelo, idcidade, datacompra, dataaquisicao, valor) values (gerar_placa(), 1999, 3, 69, 24, 60, '6/8/1999', '6/8/1999', 51932.66);
insert into veiculo (placa, ano, idcategoria, idproprietario, idmodelo, idcidade, datacompra, dataaquisicao, valor) values (gerar_placa(), 2004, 3, 123, 9, 49, '14/2/2001', '14/2/2001', 23391.13);
insert into veiculo (placa, ano, idcategoria, idproprietario, idmodelo, idcidade, datacompra, dataaquisicao, valor) values (gerar_placa(), 2008, 4, 76, 12, 76, '18/11/1993', '18/11/1993', 61864.18);
insert into veiculo (placa, ano, idcategoria, idproprietario, idmodelo, idcidade, datacompra, dataaquisicao, valor) values (gerar_placa(), 2011, 1, 41, 11, 37, '22/11/2002', '22/11/2002', 55666.82);
insert into veiculo (placa, ano, idcategoria, idproprietario, idmodelo, idcidade, datacompra, dataaquisicao, valor) values (gerar_placa(), 2005, 4, 103, 7, 29, '1/7/2004', '1/7/2004', 24789.57);
insert into veiculo (placa, ano, idcategoria, idproprietario, idmodelo, idcidade, datacompra, dataaquisicao, valor) values (gerar_placa(), 2009, 4, 105, 20, 42, '6/3/1995', '6/3/1995', 23889.05);
insert into veiculo (placa, ano, idcategoria, idproprietario, idmodelo, idcidade, datacompra, dataaquisicao, valor) values (gerar_placa(), 1995, 1, 19, 13, 11, '12/8/2014', '12/8/2014', 58940.66);
insert into veiculo (placa, ano, idcategoria, idproprietario, idmodelo, idcidade, datacompra, dataaquisicao, valor) values (gerar_placa(), 2000, 4, 139, 15, 80, '16/12/2000', '16/12/2000', 43329.7);
insert into veiculo (placa, ano, idcategoria, idproprietario, idmodelo, idcidade, datacompra, dataaquisicao, valor) values (gerar_placa(), 2009, 4, 118, 18, 79, '1/11/2016', '1/11/2016', 36133.18);
insert into veiculo (placa, ano, idcategoria, idproprietario, idmodelo, idcidade, datacompra, dataaquisicao, valor) values (gerar_placa(), 1994, 1, 2, 21, 63, '9/5/2018', '9/5/2018', 23404.89);
insert into veiculo (placa, ano, idcategoria, idproprietario, idmodelo, idcidade, datacompra, dataaquisicao, valor) values (gerar_placa(), 2009, 4, 34, 22, 14, '20/6/1995', '20/6/1995', 61379.77);
insert into veiculo (placa, ano, idcategoria, idproprietario, idmodelo, idcidade, datacompra, dataaquisicao, valor) values (gerar_placa(), 2006, 4, 77, 3, 57, '24/12/1996', '24/12/1996', 58537.88);
insert into veiculo (placa, ano, idcategoria, idproprietario, idmodelo, idcidade, datacompra, dataaquisicao, valor) values (gerar_placa(), 1991, 1, 34, 1, 34, '12/10/2000', '12/10/2000', 50570.82);
insert into veiculo (placa, ano, idcategoria, idproprietario, idmodelo, idcidade, datacompra, dataaquisicao, valor) values (gerar_placa(), 2011, 1, 72, 10, 18, '17/10/2007', '17/10/2007', 49659.96);
insert into veiculo (placa, ano, idcategoria, idproprietario, idmodelo, idcidade, datacompra, dataaquisicao, valor) values (gerar_placa(), 1992, 1, 126, 4, 41, '30/10/2006', '30/10/2006', 36885.96);
insert into veiculo (placa, ano, idcategoria, idproprietario, idmodelo, idcidade, datacompra, dataaquisicao, valor) values (gerar_placa(), 1992, 4, 41, 20, 38, '3/6/2019', '3/6/2019', 55130.77);
insert into veiculo (placa, ano, idcategoria, idproprietario, idmodelo, idcidade, datacompra, dataaquisicao, valor) values (gerar_placa(), 2012, 3, 100, 12, 29, '14/6/2007', '14/6/2007', 64159.11);
insert into veiculo (placa, ano, idcategoria, idproprietario, idmodelo, idcidade, datacompra, dataaquisicao, valor) values (gerar_placa(), 2002, 1, 66, 2, 54, '18/5/1994', '18/5/1994', 52372.21);
insert into veiculo (placa, ano, idcategoria, idproprietario, idmodelo, idcidade, datacompra, dataaquisicao, valor) values (gerar_placa(), 1995, 1, 43, 13, 34, '30/3/2001', '30/3/2001', 53058.45);
insert into veiculo (placa, ano, idcategoria, idproprietario, idmodelo, idcidade, datacompra, dataaquisicao, valor) values (gerar_placa(), 2012, 1, 79, 7, 66, '7/10/1997', '7/10/1997', 40342.62);


